[
{
    "model": "contenttypes.contenttype",
    "fields": {
        "app_label": "admin",
        "model": "logentry"
    }
},
{
    "model": "contenttypes.contenttype",
    "fields": {
        "app_label": "auth",
        "model": "permission"
    }
},
{
    "model": "contenttypes.contenttype",
    "fields": {
        "app_label": "auth",
        "model": "group"
    }
},
{
    "model": "contenttypes.contenttype",
    "fields": {
        "app_label": "auth",
        "model": "user"
    }
},
{
    "model": "contenttypes.contenttype",
    "fields": {
        "app_label": "contenttypes",
        "model": "contenttype"
    }
},
{
    "model": "contenttypes.contenttype",
    "fields": {
        "app_label": "sessions",
        "model": "session"
    }
},
{
    "model": "contenttypes.contenttype",
    "fields": {
        "app_label": "polls",
        "model": "guest"
    }
},
{
    "model": "contenttypes.contenttype",
    "fields": {
        "app_label": "polls",
        "model": "question"
    }
},
{
    "model": "contenttypes.contenttype",
    "fields": {
        "app_label": "polls",
        "model": "choice"
    }
},
{
    "model": "sessions.session",
    "pk": "0wfwg0p70gfpsawmzq3iysyynkvuwnjf",
    "fields": {
        "session_data": ".eJxVjEEOwiAQRe_C2pABhgou3fcMZBhAqoYmpV0Z765NutDtf-_9lwi0rTVsPS9hSuIilDj9bpH4kdsO0p3abZY8t3WZotwVedAuxznl5_Vw_w4q9fqtiVIGo7VHh2zwzBCj0qVkpYBwQIISnXaJPSiDVntiW4bkvPUIhot4fwDebDeQ:1ngrA8:uAu_XPW5zjZEREmLFbDhRWkILryJkm8h9X6KKvTzSqE",
        "expire_date": "2022-05-03T16:57:12.293Z"
    }
},
{
    "model": "sessions.session",
    "pk": "eyjn0wwiqbgm83wl8lb7jhm2tk3b58b5",
    "fields": {
        "session_data": ".eJxVjEEOwiAQRe_C2pABhgou3fcMZBhAqoYmpV0Z765NutDtf-_9lwi0rTVsPS9hSuIilDj9bpH4kdsO0p3abZY8t3WZotwVedAuxznl5_Vw_w4q9fqtiVIGo7VHh2zwzBCj0qVkpYBwQIISnXaJPSiDVntiW4bkvPUIhot4fwDebDeQ:1nhZF6:ydu0fLZ0fF1f81pMKuEyCSn9cWbvkOzOW2bnD6nVTmg",
        "expire_date": "2022-05-05T16:01:16.743Z"
    }
},
{
    "model": "sessions.session",
    "pk": "qvzpqn430f7hgw7tzxos4rtlcxfsotbu",
    "fields": {
        "session_data": ".eJxVjEEOwiAQRe_C2pABhgou3fcMZBhAqoYmpV0Z765NutDtf-_9lwi0rTVsPS9hSuIilDj9bpH4kdsO0p3abZY8t3WZotwVedAuxznl5_Vw_w4q9fqtiVIGo7VHh2zwzBCj0qVkpYBwQIISnXaJPSiDVntiW4bkvPUIhot4fwDebDeQ:1ngov1:iFayU3mLxNO5AAOEY_j5i_QpUmighD-FxuKkwDxL3MA",
        "expire_date": "2022-05-03T14:33:27.849Z"
    }
},
{
    "model": "polls.guest",
    "pk": 10,
    "fields": {
        "first_name": "Ivy",
        "last_name": "Brown",
        "alias": "You Gonna Eat That?",
        "fav_color": "#00ff00",
        "fav_drink": "caesar.jpg",
        "spirit_animal": "goat.jpg",
        "picture": "Emily_Brown_Lawton.jpeg",
        "comment": "Pooches Allowed?"
    }
},
{
    "model": "polls.guest",
    "pk": 13,
    "fields": {
        "first_name": "Laura",
        "last_name": "Burchell",
        "alias": "Lake Shore",
        "fav_color": "#61187c",
        "fav_drink": "martini.jpg",
        "spirit_animal": "koala.jpg",
        "picture": "Laura_Lake_Shore_Burchell.jpeg",
        "comment": ""
    }
},
{
    "model": "polls.guest",
    "pk": 14,
    "fields": {
        "first_name": "Hannah",
        "last_name": "Leznoff",
        "alias": "Hans",
        "fav_color": "#000000",
        "fav_drink": "wine_snob.jpg",
        "spirit_animal": "koala.jpg",
        "picture": "Hannah_Hans_Leznoff.jpeg",
        "comment": ""
    }
},
{
    "model": "polls.guest",
    "pk": 15,
    "fields": {
        "first_name": "Arash",
        "last_name": "Nassiri",
        "alias": "Wroxeter",
        "fav_color": "#5c5c5c",
        "fav_drink": "moscow.jpg",
        "spirit_animal": "koala.jpg",
        "picture": "Arash_Wroxeter_Nassiri.jpeg",
        "comment": ""
    }
},
{
    "model": "polls.guest",
    "pk": 16,
    "fields": {
        "first_name": "Evan",
        "last_name": "Lewis",
        "alias": "Tree Slut",
        "fav_color": "#00ff00",
        "fav_drink": "homer_beer.jpg",
        "spirit_animal": "monkey.jpg",
        "picture": "Evan_Tree_Slut_Lewis.jpeg",
        "comment": "What prestigious gifts shall we shower our great and noble host with? Beer, tequila, gin, whiskey, toilet paper? 🧐"
    }
},
{
    "model": "polls.guest",
    "pk": 17,
    "fields": {
        "first_name": "Jennifer ",
        "last_name": "Matusiak ",
        "alias": "JMatz",
        "fav_color": "#0061fe",
        "fav_drink": "homer_beer.jpg",
        "spirit_animal": "sloth.jpg",
        "picture": "Jennifer__JMatz_Matusiak_.jpeg",
        "comment": "10/10 invite. Much approval "
    }
},
{
    "model": "polls.guest",
    "pk": 18,
    "fields": {
        "first_name": "Moose ",
        "last_name": "Goose ",
        "alias": "Moosegoose",
        "fav_color": "#000000",
        "fav_drink": "moscow.jpg",
        "spirit_animal": "koala.jpg",
        "picture": "Moose__Moosegoose_Goose_.jpeg",
        "comment": "Meow"
    }
},
{
    "model": "polls.guest",
    "pk": 19,
    "fields": {
        "first_name": "Sam",
        "last_name": "Miehe",
        "alias": "Used to be Elliott",
        "fav_color": "#00ff00",
        "fav_drink": "homer_beer.jpg",
        "spirit_animal": "capybara.jpg",
        "picture": "profile_default.jpg",
        "comment": ""
    }
},
{
    "model": "polls.guest",
    "pk": 20,
    "fields": {
        "first_name": "Phil",
        "last_name": "Tungate ",
        "alias": "Swag City ",
        "fav_color": "#012f7b",
        "fav_drink": "moscow.jpg",
        "spirit_animal": "sloth.jpg",
        "picture": "Phil_Swag_City__Tungate_.jpeg",
        "comment": "If I magically have a girlfriend or random tinder date by then, I may bring her to spice things up, or cause an orgy "
    }
},
{
    "model": "polls.guest",
    "pk": 21,
    "fields": {
        "first_name": "April",
        "last_name": "Tan",
        "alias": "Balmoral Crew",
        "fav_color": "#d9c9fe",
        "fav_drink": "homer_beer.jpg",
        "spirit_animal": "goat.jpg",
        "picture": "April_Balmoral_Crew_Tan.jpeg",
        "comment": "What apps can we bring?!"
    }
},
{
    "model": "polls.guest",
    "pk": 22,
    "fields": {
        "first_name": "Scott",
        "last_name": "Langendyk",
        "alias": "The Uniballer",
        "fav_color": "#563d7c",
        "fav_drink": "homer_beer.jpg",
        "spirit_animal": "goat.jpg",
        "picture": "Scott_The_Uniballer_Langendyk.jpeg",
        "comment": "Reinforce all coat racks"
    }
},
{
    "model": "polls.guest",
    "pk": 23,
    "fields": {
        "first_name": "Curtis",
        "last_name": "Bekking",
        "alias": "Frad the OG",
        "fav_color": "#000000",
        "fav_drink": "homer_beer.jpg",
        "spirit_animal": "koala.jpg",
        "picture": "Curtis_Frad_the_OG_Bekking.jpeg",
        "comment": "Pass me the broom handle, Daddy's a member of the tub club"
    }
},
{
    "model": "polls.guest",
    "pk": 24,
    "fields": {
        "first_name": "Melissa",
        "last_name": "Da cunha ",
        "alias": "Sasqueen",
        "fav_color": "#ff00ff",
        "fav_drink": "caesar.jpg",
        "spirit_animal": "sloth.jpg",
        "picture": "Melissa_Sasqueen_Da_cunha_.jpeg",
        "comment": "Congrats on the new place! "
    }
},
{
    "model": "polls.guest",
    "pk": 25,
    "fields": {
        "first_name": "Kaity",
        "last_name": "Woermke",
        "alias": "KMoneyGunnns",
        "fav_color": "#01c7fc",
        "fav_drink": "homer_beer.jpg",
        "spirit_animal": "koala.jpg",
        "picture": "Kaity_KMoneyGunnns_Woermke.jpeg",
        "comment": "LETS RAAAAAGGEEEE"
    }
},
{
    "model": "polls.guest",
    "pk": 26,
    "fields": {
        "first_name": "Makenna",
        "last_name": "Ruddy",
        "alias": "Queen Street",
        "fav_color": "#b18cfe",
        "fav_drink": "homer_beer.jpg",
        "spirit_animal": "koala.jpg",
        "picture": "profile_default.jpg",
        "comment": ""
    }
},
{
    "model": "polls.guest",
    "pk": 27,
    "fields": {
        "first_name": "Julia",
        "last_name": "Wall",
        "alias": "JuGot2",
        "fav_color": "#ff0000",
        "fav_drink": "wine_snob.jpg",
        "spirit_animal": "goat.jpg",
        "picture": "Julia_JuGot2_Wall.jpeg",
        "comment": ""
    }
},
{
    "model": "polls.guest",
    "pk": 28,
    "fields": {
        "first_name": "Olivia",
        "last_name": "Roy",
        "alias": "Who Dat",
        "fav_color": "#fbb6d8",
        "fav_drink": "moscow.jpg",
        "spirit_animal": "sloth.jpg",
        "picture": "profile_default.jpg",
        "comment": ""
    }
},
{
    "model": "polls.guest",
    "pk": 29,
    "fields": {
        "first_name": "Gillian",
        "last_name": "McFarlane",
        "alias": "Gillywang",
        "fav_color": "#831100",
        "fav_drink": "wine_snob.jpg",
        "spirit_animal": "sloth.jpg",
        "picture": "Gillian_Gillywang_McFarlane.jpeg",
        "comment": "Schlick Schlick"
    }
},
{
    "model": "polls.guest",
    "pk": 30,
    "fields": {
        "first_name": "Scott",
        "last_name": "Davies",
        "alias": "Big D",
        "fav_color": "#76bb40",
        "fav_drink": "homer_beer.jpg",
        "spirit_animal": "goat.jpg",
        "picture": "Scott_Big_D_Davies.jpeg",
        "comment": "The way you move it, I can't believe it, I ain't never seen a A S S L I K E T H A T"
    }
},
{
    "model": "polls.guest",
    "pk": 31,
    "fields": {
        "first_name": "Ashley",
        "last_name": "Killen",
        "alias": "Wainscot",
        "fav_color": "#00bd00",
        "fav_drink": "martini.jpg",
        "spirit_animal": "monkey.jpg",
        "picture": "Ashley_Wainscot_Killen.jpeg",
        "comment": ""
    }
},
{
    "model": "polls.guest",
    "pk": 32,
    "fields": {
        "first_name": "F. Javier",
        "last_name": "Carreon ",
        "alias": "Xavi!",
        "fav_color": "#011d57",
        "fav_drink": "wine_snob.jpg",
        "spirit_animal": "goat.jpg",
        "picture": "F._Javier_Xavi_Carreon_.jpeg",
        "comment": "Duuuude!"
    }
},
{
    "model": "polls.guest",
    "pk": 33,
    "fields": {
        "first_name": "Matt",
        "last_name": "Jaglowitz",
        "alias": "Swaggy Jaggy",
        "fav_color": "#36e336",
        "fav_drink": "homer_beer.jpg",
        "spirit_animal": "goat.jpg",
        "picture": "Matt_Swaggy_Jaggy_Jaglowitz.jpeg",
        "comment": "This is next level"
    }
},
{
    "model": "polls.guest",
    "pk": 34,
    "fields": {
        "first_name": "Calvin",
        "last_name": "Hargreaves",
        "alias": "Westwood",
        "fav_color": "#ff0000",
        "fav_drink": "homer_beer.jpg",
        "spirit_animal": "monkey.jpg",
        "picture": "Calvin_Westwood_Hargreaves.jpeg",
        "comment": "I'm afraid of the dark, so I never sleep."
    }
},
{
    "model": "polls.guest",
    "pk": 35,
    "fields": {
        "first_name": "Ian",
        "last_name": "Polos",
        "alias": "Russet Wynd",
        "fav_color": "#0056d6",
        "fav_drink": "moscow.jpg",
        "spirit_animal": "monkey.jpg",
        "picture": "Ian_Russet_Wynd_Polos.jpeg",
        "comment": "Hopefully I can pop in some drywall holes if your around in June! Looks like it will be a blast buddy sorry I can’t make it"
    }
},
{
    "model": "polls.guest",
    "pk": 36,
    "fields": {
        "first_name": "Jordan",
        "last_name": "Hoover",
        "alias": "Hoovnasty ",
        "fav_color": "#0056d6",
        "fav_drink": "scotch2.jpg",
        "spirit_animal": "sloth.jpg",
        "picture": "Jordan_Hoovnasty__Hoover.jpeg",
        "comment": "I’m too sexy for my shirt, too sexy for my shirt. So sexy it hurts "
    }
},
{
    "model": "polls.guest",
    "pk": 41,
    "fields": {
        "first_name": "Trash",
        "last_name": "Bandicoot",
        "alias": "SlapAss",
        "fav_color": "#b329a9",
        "fav_drink": "scotch2.jpg",
        "spirit_animal": "monkey.jpg",
        "picture": "Trash_SlapAss_Bandicoot.jpeg",
        "comment": "If it ain't broke, break it."
    }
},
{
    "model": "polls.guest",
    "pk": 42,
    "fields": {
        "first_name": "Kevin",
        "last_name": "Moeun",
        "alias": "Liberty",
        "fav_color": "#ff6a00",
        "fav_drink": "caesar.jpg",
        "spirit_animal": "sloth.jpg",
        "picture": "Kevin_Liberty_Moeun.jpeg",
        "comment": ""
    }
},
{
    "model": "polls.guest",
    "pk": 43,
    "fields": {
        "first_name": "Emily",
        "last_name": "Brown",
        "alias": "EmmyB",
        "fav_color": "#4ed063",
        "fav_drink": "caesar.jpg",
        "spirit_animal": "goat.jpg",
        "picture": "Emily_EmmyB_Brown.jpeg",
        "comment": ""
    }
},
{
    "model": "polls.guest",
    "pk": 44,
    "fields": {
        "first_name": "Trevor",
        "last_name": "Daurio",
        "alias": "Eccles",
        "fav_color": "#563d7c",
        "fav_drink": "homer_beer.jpg",
        "spirit_animal": "monkey.jpg",
        "picture": "Trevor_Eccles_Daurio_VDptzvL.jpeg",
        "comment": "A man walks into a bar, and upon sitting down is promptly told, \"This bar is incredible! The bartender serves apples of any flavor, any ..."
    }
},
{
    "model": "polls.guest",
    "pk": 46,
    "fields": {
        "first_name": "Mystery",
        "last_name": "Guest",
        "alias": "???",
        "fav_color": "#9e7400",
        "fav_drink": "question.svg",
        "spirit_animal": "question.svg",
        "picture": "profile_default.jpg",
        "comment": "YOU THINK YOU KNOW ME?! YOU DON'T KNOW ME!!"
    }
},
{
    "model": "polls.guest",
    "pk": 47,
    "fields": {
        "first_name": "Someone's",
        "last_name": "+1",
        "alias": "secret",
        "fav_color": "#9e003d",
        "fav_drink": "question.svg",
        "spirit_animal": "question.svg",
        "picture": "profile_default.jpg",
        "comment": "I'm with stupid."
    }
},
{
    "model": "polls.guest",
    "pk": 48,
    "fields": {
        "first_name": "Somebody's",
        "last_name": "allegedly",
        "alias": "Friend",
        "fav_color": "#01785c",
        "fav_drink": "question.svg",
        "spirit_animal": "question.svg",
        "picture": "profile_default.jpg",
        "comment": "I'd rather be in bed."
    }
},
{
    "model": "polls.guest",
    "pk": 49,
    "fields": {
        "first_name": "some",
        "last_name": "dude",
        "alias": "random",
        "fav_color": "#2b36bb",
        "fav_drink": "question.svg",
        "spirit_animal": "question.svg",
        "picture": "profile_default.jpg",
        "comment": "The door wasn't locked so I just walked in haha anyways how you guys doin??"
    }
},
{
    "model": "polls.guest",
    "pk": 50,
    "fields": {
        "first_name": "Random",
        "last_name": "Guy",
        "alias": "cool",
        "fav_color": "#29b39a",
        "fav_drink": "question.svg",
        "spirit_animal": "question.svg",
        "picture": "profile_default.jpg",
        "comment": "Jeepers the music is kinda loud don't you think??  Ouchie my ears hurt!!"
    }
},
{
    "model": "polls.guest",
    "pk": 51,
    "fields": {
        "first_name": "Local",
        "last_name": "Spiderman",
        "alias": "Friendly",
        "fav_color": "#b52217",
        "fav_drink": "question.svg",
        "spirit_animal": "question.svg",
        "picture": "profile_default.jpg",
        "comment": "Wassup ladies I shoot webs."
    }
},
{
    "model": "polls.guest",
    "pk": 52,
    "fields": {
        "first_name": "Super",
        "last_name": "Dude",
        "alias": "Chill",
        "fav_color": "#2a2e41",
        "fav_drink": "question.svg",
        "spirit_animal": "question.svg",
        "picture": "profile_default.jpg",
        "comment": "It's 5 o'clock somewhere HAHAHAHAH"
    }
},
{
    "model": "polls.guest",
    "pk": 53,
    "fields": {
        "first_name": "Somebody's",
        "last_name": "Boyfriend",
        "alias": "lovely",
        "fav_color": "#be3c5c",
        "fav_drink": "question.svg",
        "spirit_animal": "question.svg",
        "picture": "profile_default.jpg",
        "comment": "My girl takes care of me.  She's really nice.  "
    }
},
{
    "model": "polls.guest",
    "pk": 54,
    "fields": {
        "first_name": "Great",
        "last_name": "Teller",
        "alias": "Joke",
        "fav_color": "#392277",
        "fav_drink": "question.svg",
        "spirit_animal": "question.svg",
        "picture": "profile_default.jpg",
        "comment": "1. What did the farmer say when he lost his tractor?\n\n\"Where's my tractor?\"\n\n2. What does a nosey pepper do?\n\n\"It gets jalapeño business\""
    }
},
{
    "model": "polls.guest",
    "pk": 55,
    "fields": {
        "first_name": "Josh",
        "last_name": "Davis",
        "alias": "LongPong",
        "fav_color": "#003661",
        "fav_drink": "homer_beer.jpg",
        "spirit_animal": "capybara.jpg",
        "picture": "Josh_LongPong_Davis.jpeg",
        "comment": "When I ain’t rising and grinding, I’m living, laughing (and loving). Let’s light this candle. "
    }
},
{
    "model": "polls.guest",
    "pk": 56,
    "fields": {
        "first_name": "Jason",
        "last_name": "Laronde",
        "alias": "Lil’ Jizzy",
        "fav_color": "#1ce1ce",
        "fav_drink": "homer_beer.jpg",
        "spirit_animal": "sloth.jpg",
        "picture": "Jason_Lil_Jizzy_Laronde.jpeg",
        "comment": "10/10 invite, would rsvp again\n\n(The +1 is our dawg, he’s 12/10 good boi material) "
    }
},
{
    "model": "polls.guest",
    "pk": 57,
    "fields": {
        "first_name": "Ethan",
        "last_name": "Newton",
        "alias": "EDZN",
        "fav_color": "#b51a00",
        "fav_drink": "scotch2.jpg",
        "spirit_animal": "monkey.jpg",
        "picture": "Ethan_EDZN_Newton.jpeg",
        "comment": "Can’t wait to break in the new cribbbbbb"
    }
},
{
    "model": "polls.question",
    "pk": 1,
    "fields": {
        "q_text": "The date of the housewarming depends on everyone's availability. Please select any of the dates below that work for you.",
        "type": "checkbox",
        "image": "",
        "position": 1
    }
},
{
    "model": "polls.question",
    "pk": 2,
    "fields": {
        "q_text": "This home features a hot tub. Will you be suiting up? ",
        "type": "radio",
        "image": "hottub_YlNh5Ht.jpg",
        "position": 2
    }
},
{
    "model": "polls.question",
    "pk": 3,
    "fields": {
        "q_text": "Do you intend to put holes in the drywalled ceilings?",
        "type": "radio",
        "image": "",
        "position": 3
    }
},
{
    "model": "polls.question",
    "pk": 4,
    "fields": {
        "q_text": "Additional guests are welcome. Please choose the statement below that best describes your entourage. (Note: Please ask your guests to fill out this survey as well)",
        "type": "radio",
        "image": "",
        "position": 4
    }
},
{
    "model": "polls.question",
    "pk": 5,
    "fields": {
        "q_text": "Please select your preferred keg stand stance.",
        "type": "radio",
        "image": "",
        "position": 5
    }
},
{
    "model": "polls.question",
    "pk": 6,
    "fields": {
        "q_text": "There is plenty of sleeping space (and parking) and guests are welcome to stay overnight. Please choose the statement below that best describes your plans. (Note: bringing a blowup mattress/sleeping bag/sleeping pad/etc is recommended)",
        "type": "radio",
        "image": "",
        "position": 6
    }
},
{
    "model": "polls.choice",
    "pk": 1,
    "fields": {
        "question": 1,
        "choice_text": "Saturday, April 30th",
        "image": "",
        "votes": [
            13,
            15,
            19,
            25,
            26,
            29,
            33,
            43,
            55
        ]
    }
},
{
    "model": "polls.choice",
    "pk": 2,
    "fields": {
        "question": 1,
        "choice_text": "Saturday, May 7th",
        "image": "",
        "votes": [
            15,
            16,
            17,
            19,
            20,
            21,
            23,
            24,
            25,
            27,
            29,
            32,
            33,
            42,
            43,
            44,
            55,
            56
        ]
    }
},
{
    "model": "polls.choice",
    "pk": 3,
    "fields": {
        "question": 1,
        "choice_text": "Saturday, May 14th",
        "image": "",
        "votes": [
            13,
            16,
            17,
            18,
            19,
            20,
            22,
            28,
            29,
            32,
            36,
            43,
            55
        ]
    }
},
{
    "model": "polls.choice",
    "pk": 4,
    "fields": {
        "question": 1,
        "choice_text": "Saturday, May 28th",
        "image": "",
        "votes": [
            13,
            14,
            15,
            16,
            19,
            20,
            22,
            24,
            26,
            27,
            34,
            36,
            43,
            55
        ]
    }
},
{
    "model": "polls.choice",
    "pk": 5,
    "fields": {
        "question": 2,
        "choice_text": "No way, I'm a dry guy.",
        "image": "dryguy_pPa5kz8_t7ayWlX.jpg",
        "votes": [
            19,
            21,
            28,
            31,
            41
        ]
    }
},
{
    "model": "polls.choice",
    "pk": 6,
    "fields": {
        "question": 2,
        "choice_text": "I lub the tub. Consider me a member of the tub club.",
        "image": "hottub2_3p64Fe7.jpg",
        "votes": [
            10,
            13,
            14,
            15,
            16,
            17,
            20,
            22,
            23,
            24,
            25,
            26,
            27,
            29,
            30,
            32,
            33,
            34,
            35,
            36,
            42,
            43,
            44,
            55,
            56,
            57
        ]
    }
},
{
    "model": "polls.choice",
    "pk": 7,
    "fields": {
        "question": 3,
        "choice_text": "Pass me the broom handle, Daddy's gotta bust.",
        "image": "",
        "votes": [
            18,
            22,
            27,
            34,
            35,
            44,
            41,
            57
        ]
    }
},
{
    "model": "polls.choice",
    "pk": 8,
    "fields": {
        "question": 3,
        "choice_text": "Ceilings are sacrosanct and must remain intact, at least until marriage.",
        "image": "",
        "votes": [
            10,
            13,
            14,
            15,
            16,
            17,
            19,
            20,
            21,
            23,
            24,
            25,
            26,
            28,
            29,
            30,
            31,
            32,
            33,
            36,
            42,
            43,
            55,
            56
        ]
    }
},
{
    "model": "polls.choice",
    "pk": 9,
    "fields": {
        "question": 4,
        "choice_text": "I ride alone, always.",
        "image": "wolf_k4yGMWm_mFcZJxl.jpg",
        "votes": [
            13,
            17,
            20,
            23,
            28,
            34,
            42,
            43,
            44,
            10,
            41,
            57
        ]
    }
},
{
    "model": "polls.choice",
    "pk": 10,
    "fields": {
        "question": 4,
        "choice_text": "I'm bringing a +1.",
        "image": "plus1_Uq0Fehr_MhCjzAQ.png",
        "votes": [
            14,
            16,
            19,
            21,
            22,
            24,
            25,
            26,
            29,
            30,
            33,
            35,
            36,
            55,
            56
        ]
    }
},
{
    "model": "polls.choice",
    "pk": 11,
    "fields": {
        "question": 4,
        "choice_text": "Call me Adele because I roll deep.",
        "image": "adele_qX3ZoJ9.jpg",
        "votes": [
            15,
            18,
            27
        ]
    }
},
{
    "model": "polls.choice",
    "pk": 12,
    "fields": {
        "question": 5,
        "choice_text": "Classic Handstand",
        "image": "stand_Efeg0HV_7zPz73X.svg",
        "votes": [
            16,
            17,
            19,
            29,
            30,
            31,
            33,
            34,
            36,
            43,
            44,
            10,
            56,
            57
        ]
    }
},
{
    "model": "polls.choice",
    "pk": 13,
    "fields": {
        "question": 5,
        "choice_text": "Gargoyle",
        "image": "gargoyle_PJNXogF_MOCQKQe.svg",
        "votes": [
            14,
            15,
            18,
            21,
            22,
            23,
            24,
            25,
            26,
            27,
            28,
            32,
            42,
            55,
            41
        ]
    }
},
{
    "model": "polls.choice",
    "pk": 14,
    "fields": {
        "question": 5,
        "choice_text": "Schwarzenegger Keg Press",
        "image": "muscle_bosLY8Q_IFIvGIM.svg",
        "votes": [
            13,
            20,
            35
        ]
    }
},
{
    "model": "polls.choice",
    "pk": 15,
    "fields": {
        "question": 6,
        "choice_text": "I must return by dusk, the city needs me.",
        "image": "goodbye_j7B3Ait_OmwgXCM.svg",
        "votes": [
            16,
            19,
            20,
            21,
            22,
            24,
            27,
            28,
            29,
            30,
            35,
            42,
            56,
            41
        ]
    }
},
{
    "model": "polls.choice",
    "pk": 16,
    "fields": {
        "question": 6,
        "choice_text": "Let's put the HAM back in Durham (expect me for morning bacon).",
        "image": "sleep_aWrO9JG_JxTwwB4.svg",
        "votes": [
            13,
            14,
            15,
            17,
            18,
            23,
            25,
            26,
            32,
            33,
            34,
            36,
            43,
            44,
            10,
            55,
            57
        ]
    }
},
{
    "model": "auth.permission",
    "fields": {
        "name": "Can add log entry",
        "content_type": [
            "admin",
            "logentry"
        ],
        "codename": "add_logentry"
    }
},
{
    "model": "auth.permission",
    "fields": {
        "name": "Can change log entry",
        "content_type": [
            "admin",
            "logentry"
        ],
        "codename": "change_logentry"
    }
},
{
    "model": "auth.permission",
    "fields": {
        "name": "Can delete log entry",
        "content_type": [
            "admin",
            "logentry"
        ],
        "codename": "delete_logentry"
    }
},
{
    "model": "auth.permission",
    "fields": {
        "name": "Can view log entry",
        "content_type": [
            "admin",
            "logentry"
        ],
        "codename": "view_logentry"
    }
},
{
    "model": "auth.permission",
    "fields": {
        "name": "Can add permission",
        "content_type": [
            "auth",
            "permission"
        ],
        "codename": "add_permission"
    }
},
{
    "model": "auth.permission",
    "fields": {
        "name": "Can change permission",
        "content_type": [
            "auth",
            "permission"
        ],
        "codename": "change_permission"
    }
},
{
    "model": "auth.permission",
    "fields": {
        "name": "Can delete permission",
        "content_type": [
            "auth",
            "permission"
        ],
        "codename": "delete_permission"
    }
},
{
    "model": "auth.permission",
    "fields": {
        "name": "Can view permission",
        "content_type": [
            "auth",
            "permission"
        ],
        "codename": "view_permission"
    }
},
{
    "model": "auth.permission",
    "fields": {
        "name": "Can add group",
        "content_type": [
            "auth",
            "group"
        ],
        "codename": "add_group"
    }
},
{
    "model": "auth.permission",
    "fields": {
        "name": "Can change group",
        "content_type": [
            "auth",
            "group"
        ],
        "codename": "change_group"
    }
},
{
    "model": "auth.permission",
    "fields": {
        "name": "Can delete group",
        "content_type": [
            "auth",
            "group"
        ],
        "codename": "delete_group"
    }
},
{
    "model": "auth.permission",
    "fields": {
        "name": "Can view group",
        "content_type": [
            "auth",
            "group"
        ],
        "codename": "view_group"
    }
},
{
    "model": "auth.permission",
    "fields": {
        "name": "Can add user",
        "content_type": [
            "auth",
            "user"
        ],
        "codename": "add_user"
    }
},
{
    "model": "auth.permission",
    "fields": {
        "name": "Can change user",
        "content_type": [
            "auth",
            "user"
        ],
        "codename": "change_user"
    }
},
{
    "model": "auth.permission",
    "fields": {
        "name": "Can delete user",
        "content_type": [
            "auth",
            "user"
        ],
        "codename": "delete_user"
    }
},
{
    "model": "auth.permission",
    "fields": {
        "name": "Can view user",
        "content_type": [
            "auth",
            "user"
        ],
        "codename": "view_user"
    }
},
{
    "model": "auth.permission",
    "fields": {
        "name": "Can add content type",
        "content_type": [
            "contenttypes",
            "contenttype"
        ],
        "codename": "add_contenttype"
    }
},
{
    "model": "auth.permission",
    "fields": {
        "name": "Can change content type",
        "content_type": [
            "contenttypes",
            "contenttype"
        ],
        "codename": "change_contenttype"
    }
},
{
    "model": "auth.permission",
    "fields": {
        "name": "Can delete content type",
        "content_type": [
            "contenttypes",
            "contenttype"
        ],
        "codename": "delete_contenttype"
    }
},
{
    "model": "auth.permission",
    "fields": {
        "name": "Can view content type",
        "content_type": [
            "contenttypes",
            "contenttype"
        ],
        "codename": "view_contenttype"
    }
},
{
    "model": "auth.permission",
    "fields": {
        "name": "Can add session",
        "content_type": [
            "sessions",
            "session"
        ],
        "codename": "add_session"
    }
},
{
    "model": "auth.permission",
    "fields": {
        "name": "Can change session",
        "content_type": [
            "sessions",
            "session"
        ],
        "codename": "change_session"
    }
},
{
    "model": "auth.permission",
    "fields": {
        "name": "Can delete session",
        "content_type": [
            "sessions",
            "session"
        ],
        "codename": "delete_session"
    }
},
{
    "model": "auth.permission",
    "fields": {
        "name": "Can view session",
        "content_type": [
            "sessions",
            "session"
        ],
        "codename": "view_session"
    }
},
{
    "model": "auth.permission",
    "fields": {
        "name": "Can add guest",
        "content_type": [
            "polls",
            "guest"
        ],
        "codename": "add_guest"
    }
},
{
    "model": "auth.permission",
    "fields": {
        "name": "Can change guest",
        "content_type": [
            "polls",
            "guest"
        ],
        "codename": "change_guest"
    }
},
{
    "model": "auth.permission",
    "fields": {
        "name": "Can delete guest",
        "content_type": [
            "polls",
            "guest"
        ],
        "codename": "delete_guest"
    }
},
{
    "model": "auth.permission",
    "fields": {
        "name": "Can view guest",
        "content_type": [
            "polls",
            "guest"
        ],
        "codename": "view_guest"
    }
},
{
    "model": "auth.permission",
    "fields": {
        "name": "Can add question",
        "content_type": [
            "polls",
            "question"
        ],
        "codename": "add_question"
    }
},
{
    "model": "auth.permission",
    "fields": {
        "name": "Can change question",
        "content_type": [
            "polls",
            "question"
        ],
        "codename": "change_question"
    }
},
{
    "model": "auth.permission",
    "fields": {
        "name": "Can delete question",
        "content_type": [
            "polls",
            "question"
        ],
        "codename": "delete_question"
    }
},
{
    "model": "auth.permission",
    "fields": {
        "name": "Can view question",
        "content_type": [
            "polls",
            "question"
        ],
        "codename": "view_question"
    }
},
{
    "model": "auth.permission",
    "fields": {
        "name": "Can add choice",
        "content_type": [
            "polls",
            "choice"
        ],
        "codename": "add_choice"
    }
},
{
    "model": "auth.permission",
    "fields": {
        "name": "Can change choice",
        "content_type": [
            "polls",
            "choice"
        ],
        "codename": "change_choice"
    }
},
{
    "model": "auth.permission",
    "fields": {
        "name": "Can delete choice",
        "content_type": [
            "polls",
            "choice"
        ],
        "codename": "delete_choice"
    }
},
{
    "model": "auth.permission",
    "fields": {
        "name": "Can view choice",
        "content_type": [
            "polls",
            "choice"
        ],
        "codename": "view_choice"
    }
},
{
    "model": "auth.user",
    "fields": {
        "password": "pbkdf2_sha256$260000$cxBcY8qU140eENgUR7olAb$m0bCVmXcF8blils4gMMLmUqHQWEjzsdSSravJ68qFKg=",
        "last_login": "2022-04-21T16:01:16.714Z",
        "is_superuser": true,
        "username": "joshdavis",
        "first_name": "",
        "last_name": "",
        "email": "josh.davis@live.ca",
        "is_staff": true,
        "is_active": true,
        "date_joined": "2022-04-19T13:14:55.162Z",
        "groups": [],
        "user_permissions": []
    }
},
{
    "model": "admin.logentry",
    "pk": 1,
    "fields": {
        "action_time": "2022-04-19T14:37:33.925Z",
        "user": [
            "joshdavis"
        ],
        "content_type": [
            "polls",
            "choice"
        ],
        "object_id": "5",
        "object_repr": "5: No way, I'... for Q2: This home features a hot tub. Will you be suiting ...",
        "action_flag": 2,
        "change_message": "[{\"changed\": {\"fields\": [\"Image\"]}}]"
    }
},
{
    "model": "admin.logentry",
    "pk": 2,
    "fields": {
        "action_time": "2022-04-19T14:50:55.508Z",
        "user": [
            "joshdavis"
        ],
        "content_type": [
            "polls",
            "choice"
        ],
        "object_id": "6",
        "object_repr": "6: I lub the ... for Q2: This home features a hot tub. Will you be suiting ...",
        "action_flag": 2,
        "change_message": "[{\"changed\": {\"fields\": [\"Image\"]}}]"
    }
},
{
    "model": "admin.logentry",
    "pk": 3,
    "fields": {
        "action_time": "2022-04-19T14:51:42.469Z",
        "user": [
            "joshdavis"
        ],
        "content_type": [
            "polls",
            "choice"
        ],
        "object_id": "9",
        "object_repr": "9: I ride alo... for Q4: Additional guests are welcome. Please choose the s...",
        "action_flag": 2,
        "change_message": "[{\"changed\": {\"fields\": [\"Image\"]}}]"
    }
},
{
    "model": "admin.logentry",
    "pk": 4,
    "fields": {
        "action_time": "2022-04-19T14:52:00.990Z",
        "user": [
            "joshdavis"
        ],
        "content_type": [
            "polls",
            "choice"
        ],
        "object_id": "10",
        "object_repr": "10: I'm bringi... for Q4: Additional guests are welcome. Please choose the s...",
        "action_flag": 2,
        "change_message": "[{\"changed\": {\"fields\": [\"Image\"]}}]"
    }
},
{
    "model": "admin.logentry",
    "pk": 5,
    "fields": {
        "action_time": "2022-04-19T14:52:15.727Z",
        "user": [
            "joshdavis"
        ],
        "content_type": [
            "polls",
            "choice"
        ],
        "object_id": "11",
        "object_repr": "11: Call me Ad... for Q4: Additional guests are welcome. Please choose the s...",
        "action_flag": 2,
        "change_message": "[{\"changed\": {\"fields\": [\"Image\"]}}]"
    }
},
{
    "model": "admin.logentry",
    "pk": 6,
    "fields": {
        "action_time": "2022-04-19T14:52:45.693Z",
        "user": [
            "joshdavis"
        ],
        "content_type": [
            "polls",
            "choice"
        ],
        "object_id": "12",
        "object_repr": "12: Classic Ha... for Q5: Please select your preferred keg stand stance....",
        "action_flag": 2,
        "change_message": "[{\"changed\": {\"fields\": [\"Image\"]}}]"
    }
},
{
    "model": "admin.logentry",
    "pk": 7,
    "fields": {
        "action_time": "2022-04-19T14:53:06.899Z",
        "user": [
            "joshdavis"
        ],
        "content_type": [
            "polls",
            "choice"
        ],
        "object_id": "13",
        "object_repr": "13: Gargoyle... for Q5: Please select your preferred keg stand stance....",
        "action_flag": 2,
        "change_message": "[{\"changed\": {\"fields\": [\"Image\"]}}]"
    }
},
{
    "model": "admin.logentry",
    "pk": 8,
    "fields": {
        "action_time": "2022-04-19T14:53:29.461Z",
        "user": [
            "joshdavis"
        ],
        "content_type": [
            "polls",
            "choice"
        ],
        "object_id": "14",
        "object_repr": "14: Schwarzene... for Q5: Please select your preferred keg stand stance....",
        "action_flag": 2,
        "change_message": "[{\"changed\": {\"fields\": [\"Image\"]}}]"
    }
},
{
    "model": "admin.logentry",
    "pk": 9,
    "fields": {
        "action_time": "2022-04-19T14:54:04.368Z",
        "user": [
            "joshdavis"
        ],
        "content_type": [
            "polls",
            "choice"
        ],
        "object_id": "15",
        "object_repr": "15: I must ret... for Q6: There is plenty of sleeping space (and parking) an...",
        "action_flag": 2,
        "change_message": "[{\"changed\": {\"fields\": [\"Image\"]}}]"
    }
},
{
    "model": "admin.logentry",
    "pk": 10,
    "fields": {
        "action_time": "2022-04-19T14:54:23.110Z",
        "user": [
            "joshdavis"
        ],
        "content_type": [
            "polls",
            "choice"
        ],
        "object_id": "16",
        "object_repr": "16: Let's put ... for Q6: There is plenty of sleeping space (and parking) an...",
        "action_flag": 2,
        "change_message": "[{\"changed\": {\"fields\": [\"Image\"]}}]"
    }
},
{
    "model": "admin.logentry",
    "pk": 11,
    "fields": {
        "action_time": "2022-04-19T16:57:37.094Z",
        "user": [
            "joshdavis"
        ],
        "content_type": [
            "polls",
            "guest"
        ],
        "object_id": "8",
        "object_repr": "8: Give \"It\" A try",
        "action_flag": 3,
        "change_message": ""
    }
},
{
    "model": "admin.logentry",
    "pk": 12,
    "fields": {
        "action_time": "2022-04-19T16:57:37.107Z",
        "user": [
            "joshdavis"
        ],
        "content_type": [
            "polls",
            "guest"
        ],
        "object_id": "7",
        "object_repr": "7: Fake \"Testing\" Name",
        "action_flag": 3,
        "change_message": ""
    }
},
{
    "model": "admin.logentry",
    "pk": 13,
    "fields": {
        "action_time": "2022-04-19T16:57:37.115Z",
        "user": [
            "joshdavis"
        ],
        "content_type": [
            "polls",
            "guest"
        ],
        "object_id": "6",
        "object_repr": "6: V \"\" ",
        "action_flag": 3,
        "change_message": ""
    }
},
{
    "model": "admin.logentry",
    "pk": 14,
    "fields": {
        "action_time": "2022-04-19T16:57:37.121Z",
        "user": [
            "joshdavis"
        ],
        "content_type": [
            "polls",
            "guest"
        ],
        "object_id": "5",
        "object_repr": "5: s \"\" ",
        "action_flag": 3,
        "change_message": ""
    }
},
{
    "model": "admin.logentry",
    "pk": 15,
    "fields": {
        "action_time": "2022-04-19T16:57:37.125Z",
        "user": [
            "joshdavis"
        ],
        "content_type": [
            "polls",
            "guest"
        ],
        "object_id": "4",
        "object_repr": "4: t \"\" ",
        "action_flag": 3,
        "change_message": ""
    }
},
{
    "model": "admin.logentry",
    "pk": 16,
    "fields": {
        "action_time": "2022-04-19T16:57:37.131Z",
        "user": [
            "joshdavis"
        ],
        "content_type": [
            "polls",
            "guest"
        ],
        "object_id": "3",
        "object_repr": "3: Test \"\" ",
        "action_flag": 3,
        "change_message": ""
    }
},
{
    "model": "admin.logentry",
    "pk": 17,
    "fields": {
        "action_time": "2022-04-19T16:57:37.139Z",
        "user": [
            "joshdavis"
        ],
        "content_type": [
            "polls",
            "guest"
        ],
        "object_id": "2",
        "object_repr": "2: Josh \"TotesHost\" Davis",
        "action_flag": 3,
        "change_message": ""
    }
},
{
    "model": "admin.logentry",
    "pk": 18,
    "fields": {
        "action_time": "2022-04-19T16:57:37.144Z",
        "user": [
            "joshdavis"
        ],
        "content_type": [
            "polls",
            "guest"
        ],
        "object_id": "1",
        "object_repr": "1: Chief \"Hoss\" Bigwig",
        "action_flag": 3,
        "change_message": ""
    }
},
{
    "model": "admin.logentry",
    "pk": 19,
    "fields": {
        "action_time": "2022-04-19T18:16:57.784Z",
        "user": [
            "joshdavis"
        ],
        "content_type": [
            "polls",
            "guest"
        ],
        "object_id": "11",
        "object_repr": "11: Test \"Testing\" Name",
        "action_flag": 3,
        "change_message": ""
    }
},
{
    "model": "admin.logentry",
    "pk": 20,
    "fields": {
        "action_time": "2022-04-19T18:16:57.806Z",
        "user": [
            "joshdavis"
        ],
        "content_type": [
            "polls",
            "guest"
        ],
        "object_id": "9",
        "object_repr": "9: Emily \"Lawton\" Brown",
        "action_flag": 3,
        "change_message": ""
    }
},
{
    "model": "admin.logentry",
    "pk": 21,
    "fields": {
        "action_time": "2022-04-19T22:02:57.063Z",
        "user": [
            "joshdavis"
        ],
        "content_type": [
            "polls",
            "guest"
        ],
        "object_id": "12",
        "object_repr": "12: Josh \"The Architect\" Davis",
        "action_flag": 2,
        "change_message": "[{\"changed\": {\"fields\": [\"Alias\", \"Comment\"]}}]"
    }
},
{
    "model": "admin.logentry",
    "pk": 22,
    "fields": {
        "action_time": "2022-04-19T22:48:23.102Z",
        "user": [
            "joshdavis"
        ],
        "content_type": [
            "polls",
            "guest"
        ],
        "object_id": "12",
        "object_repr": "12: Josh \"The Architect\" Davis",
        "action_flag": 3,
        "change_message": ""
    }
},
{
    "model": "admin.logentry",
    "pk": 23,
    "fields": {
        "action_time": "2022-04-21T00:43:52.657Z",
        "user": [
            "joshdavis"
        ],
        "content_type": [
            "polls",
            "choice"
        ],
        "object_id": "2",
        "object_repr": "2: Saturday, ... for Q1: The date of the housewarming depends on everyone's...",
        "action_flag": 2,
        "change_message": "[{\"changed\": {\"fields\": [\"Votes\"]}}]"
    }
},
{
    "model": "admin.logentry",
    "pk": 24,
    "fields": {
        "action_time": "2022-04-21T00:44:54.817Z",
        "user": [
            "joshdavis"
        ],
        "content_type": [
            "polls",
            "choice"
        ],
        "object_id": "2",
        "object_repr": "2: Saturday, ... for Q1: The date of the housewarming depends on everyone's...",
        "action_flag": 2,
        "change_message": "[]"
    }
},
{
    "model": "admin.logentry",
    "pk": 25,
    "fields": {
        "action_time": "2022-04-21T01:56:12.987Z",
        "user": [
            "joshdavis"
        ],
        "content_type": [
            "polls",
            "choice"
        ],
        "object_id": "2",
        "object_repr": "2: Saturday, ... for Q1: The date of the housewarming depends on everyone's...",
        "action_flag": 2,
        "change_message": "[{\"changed\": {\"fields\": [\"Votes\"]}}]"
    }
},
{
    "model": "admin.logentry",
    "pk": 26,
    "fields": {
        "action_time": "2022-04-21T01:56:56.992Z",
        "user": [
            "joshdavis"
        ],
        "content_type": [
            "polls",
            "choice"
        ],
        "object_id": "4",
        "object_repr": "4: Saturday, ... for Q1: The date of the housewarming depends on everyone's...",
        "action_flag": 2,
        "change_message": "[{\"changed\": {\"fields\": [\"Votes\"]}}]"
    }
},
{
    "model": "admin.logentry",
    "pk": 27,
    "fields": {
        "action_time": "2022-04-21T16:02:19.040Z",
        "user": [
            "joshdavis"
        ],
        "content_type": [
            "polls",
            "guest"
        ],
        "object_id": "37",
        "object_repr": "37: Trevor \"\" Daurio",
        "action_flag": 2,
        "change_message": "[{\"changed\": {\"fields\": [\"Picture\"]}}]"
    }
},
{
    "model": "admin.logentry",
    "pk": 28,
    "fields": {
        "action_time": "2022-04-21T16:04:07.172Z",
        "user": [
            "joshdavis"
        ],
        "content_type": [
            "polls",
            "guest"
        ],
        "object_id": "37",
        "object_repr": "37: Trevor \"\" Daurio",
        "action_flag": 3,
        "change_message": ""
    }
},
{
    "model": "admin.logentry",
    "pk": 29,
    "fields": {
        "action_time": "2022-04-21T16:19:54.127Z",
        "user": [
            "joshdavis"
        ],
        "content_type": [
            "polls",
            "guest"
        ],
        "object_id": "38",
        "object_repr": "38: Teee \"\" Money",
        "action_flag": 3,
        "change_message": ""
    }
},
{
    "model": "admin.logentry",
    "pk": 30,
    "fields": {
        "action_time": "2022-04-21T16:23:43.204Z",
        "user": [
            "joshdavis"
        ],
        "content_type": [
            "polls",
            "guest"
        ],
        "object_id": "40",
        "object_repr": "40: Test \"\" ",
        "action_flag": 3,
        "change_message": ""
    }
},
{
    "model": "admin.logentry",
    "pk": 31,
    "fields": {
        "action_time": "2022-04-21T16:23:52.209Z",
        "user": [
            "joshdavis"
        ],
        "content_type": [
            "polls",
            "guest"
        ],
        "object_id": "39",
        "object_repr": "39: Josh \"Testing\" Davis",
        "action_flag": 3,
        "change_message": ""
    }
},
{
    "model": "admin.logentry",
    "pk": 32,
    "fields": {
        "action_time": "2022-04-22T17:46:17.186Z",
        "user": [
            "joshdavis"
        ],
        "content_type": [
            "polls",
            "guest"
        ],
        "object_id": "44",
        "object_repr": "44: Trevor \"Eccles\" Daurio",
        "action_flag": 2,
        "change_message": "[{\"changed\": {\"fields\": [\"Comment\"]}}]"
    }
},
{
    "model": "admin.logentry",
    "pk": 33,
    "fields": {
        "action_time": "2022-04-22T17:51:43.847Z",
        "user": [
            "joshdavis"
        ],
        "content_type": [
            "polls",
            "guest"
        ],
        "object_id": "10",
        "object_repr": "10: Ivy \"You Gonna Eat That?\" Brown",
        "action_flag": 2,
        "change_message": "[{\"changed\": {\"fields\": [\"First name\", \"Last name\", \"Alias\", \"Comment\"]}}]"
    }
},
{
    "model": "admin.logentry",
    "pk": 34,
    "fields": {
        "action_time": "2022-04-22T17:54:21.099Z",
        "user": [
            "joshdavis"
        ],
        "content_type": [
            "polls",
            "choice"
        ],
        "object_id": "1",
        "object_repr": "1: Saturday, ... for Q1: The date of the housewarming depends on everyone's...",
        "action_flag": 2,
        "change_message": "[{\"changed\": {\"fields\": [\"Votes\"]}}]"
    }
},
{
    "model": "admin.logentry",
    "pk": 35,
    "fields": {
        "action_time": "2022-04-22T17:54:33.130Z",
        "user": [
            "joshdavis"
        ],
        "content_type": [
            "polls",
            "choice"
        ],
        "object_id": "2",
        "object_repr": "2: Saturday, ... for Q1: The date of the housewarming depends on everyone's...",
        "action_flag": 2,
        "change_message": "[{\"changed\": {\"fields\": [\"Votes\"]}}]"
    }
},
{
    "model": "admin.logentry",
    "pk": 36,
    "fields": {
        "action_time": "2022-04-22T17:54:38.245Z",
        "user": [
            "joshdavis"
        ],
        "content_type": [
            "polls",
            "choice"
        ],
        "object_id": "3",
        "object_repr": "3: Saturday, ... for Q1: The date of the housewarming depends on everyone's...",
        "action_flag": 2,
        "change_message": "[{\"changed\": {\"fields\": [\"Votes\"]}}]"
    }
},
{
    "model": "admin.logentry",
    "pk": 37,
    "fields": {
        "action_time": "2022-04-22T17:54:43.347Z",
        "user": [
            "joshdavis"
        ],
        "content_type": [
            "polls",
            "choice"
        ],
        "object_id": "4",
        "object_repr": "4: Saturday, ... for Q1: The date of the housewarming depends on everyone's...",
        "action_flag": 2,
        "change_message": "[{\"changed\": {\"fields\": [\"Votes\"]}}]"
    }
},
{
    "model": "admin.logentry",
    "pk": 38,
    "fields": {
        "action_time": "2022-04-28T03:12:03.743Z",
        "user": [
            "joshdavis"
        ],
        "content_type": [
            "polls",
            "guest"
        ],
        "object_id": "45",
        "object_repr": "45: Mr. \"Mystery\" Anon",
        "action_flag": 3,
        "change_message": ""
    }
},
{
    "model": "admin.logentry",
    "pk": 39,
    "fields": {
        "action_time": "2022-04-28T03:12:30.978Z",
        "user": [
            "joshdavis"
        ],
        "content_type": [
            "polls",
            "guest"
        ],
        "object_id": "49",
        "object_repr": "49: some \"random\" dude",
        "action_flag": 2,
        "change_message": "[{\"changed\": {\"fields\": [\"Fav color\"]}}]"
    }
},
{
    "model": "admin.logentry",
    "pk": 40,
    "fields": {
        "action_time": "2022-04-28T03:13:54.278Z",
        "user": [
            "joshdavis"
        ],
        "content_type": [
            "polls",
            "guest"
        ],
        "object_id": "46",
        "object_repr": "46: Mystery \"???\" Guest",
        "action_flag": 2,
        "change_message": "[{\"changed\": {\"fields\": [\"Fav color\"]}}]"
    }
},
{
    "model": "admin.logentry",
    "pk": 41,
    "fields": {
        "action_time": "2022-04-28T03:14:14.846Z",
        "user": [
            "joshdavis"
        ],
        "content_type": [
            "polls",
            "guest"
        ],
        "object_id": "47",
        "object_repr": "47: Someone's \"secret\" +1",
        "action_flag": 2,
        "change_message": "[{\"changed\": {\"fields\": [\"Fav color\", \"Comment\"]}}]"
    }
},
{
    "model": "admin.logentry",
    "pk": 42,
    "fields": {
        "action_time": "2022-04-28T03:14:31.962Z",
        "user": [
            "joshdavis"
        ],
        "content_type": [
            "polls",
            "guest"
        ],
        "object_id": "48",
        "object_repr": "48: Somebody's \"Friend\" allegedly",
        "action_flag": 2,
        "change_message": "[{\"changed\": {\"fields\": [\"Fav color\"]}}]"
    }
},
{
    "model": "admin.logentry",
    "pk": 43,
    "fields": {
        "action_time": "2022-04-29T18:14:17.706Z",
        "user": [
            "joshdavis"
        ],
        "content_type": [
            "polls",
            "guest"
        ],
        "object_id": "41",
        "object_repr": "41: Trash \"SlapAss\" Bandicoot",
        "action_flag": 2,
        "change_message": "[{\"changed\": {\"fields\": [\"Fav color\", \"Comment\"]}}]"
    }
},
{
    "model": "admin.logentry",
    "pk": 44,
    "fields": {
        "action_time": "2022-04-29T18:20:57.482Z",
        "user": [
            "joshdavis"
        ],
        "content_type": [
            "polls",
            "guest"
        ],
        "object_id": "50",
        "object_repr": "50: Random \"cool\" Guy",
        "action_flag": 2,
        "change_message": "[{\"changed\": {\"fields\": [\"Fav color\"]}}]"
    }
}
]
