--
-- PostgreSQL database dump
--

\restrict Bw3YaPtclvmQZChGpAME2wczrpecLhmyJlORbdXk5skHAr62iQPWQUl7fdL673m

-- Dumped from database version 14.5 (Ubuntu 14.5-2.pgdg20.04+2)
-- Dumped by pg_dump version 14.2

SET statement_timeout = 0;
SET lock_timeout = 0;
SET idle_in_transaction_session_timeout = 0;
SET transaction_timeout = 0;
SET client_encoding = 'UTF8';
SET standard_conforming_strings = on;
SELECT pg_catalog.set_config('search_path', '', false);
SET check_function_bodies = false;
SET xmloption = content;
SET client_min_messages = warning;
SET row_security = off;

SET default_tablespace = '';

SET default_table_access_method = heap;

--
-- Name: auth_group; Type: TABLE; Schema: public; Owner: -
--

CREATE TABLE "public"."auth_group" (
    "id" integer NOT NULL,
    "name" character varying(150) NOT NULL
);


--
-- Name: auth_group_id_seq; Type: SEQUENCE; Schema: public; Owner: -
--

CREATE SEQUENCE "public"."auth_group_id_seq"
    AS integer
    START WITH 1
    INCREMENT BY 1
    NO MINVALUE
    NO MAXVALUE
    CACHE 1;


--
-- Name: auth_group_id_seq; Type: SEQUENCE OWNED BY; Schema: public; Owner: -
--

ALTER SEQUENCE "public"."auth_group_id_seq" OWNED BY "public"."auth_group"."id";


--
-- Name: auth_group_permissions; Type: TABLE; Schema: public; Owner: -
--

CREATE TABLE "public"."auth_group_permissions" (
    "id" bigint NOT NULL,
    "group_id" integer NOT NULL,
    "permission_id" integer NOT NULL
);


--
-- Name: auth_group_permissions_id_seq; Type: SEQUENCE; Schema: public; Owner: -
--

CREATE SEQUENCE "public"."auth_group_permissions_id_seq"
    START WITH 1
    INCREMENT BY 1
    NO MINVALUE
    NO MAXVALUE
    CACHE 1;


--
-- Name: auth_group_permissions_id_seq; Type: SEQUENCE OWNED BY; Schema: public; Owner: -
--

ALTER SEQUENCE "public"."auth_group_permissions_id_seq" OWNED BY "public"."auth_group_permissions"."id";


--
-- Name: auth_permission; Type: TABLE; Schema: public; Owner: -
--

CREATE TABLE "public"."auth_permission" (
    "id" integer NOT NULL,
    "name" character varying(255) NOT NULL,
    "content_type_id" integer NOT NULL,
    "codename" character varying(100) NOT NULL
);


--
-- Name: auth_permission_id_seq; Type: SEQUENCE; Schema: public; Owner: -
--

CREATE SEQUENCE "public"."auth_permission_id_seq"
    AS integer
    START WITH 1
    INCREMENT BY 1
    NO MINVALUE
    NO MAXVALUE
    CACHE 1;


--
-- Name: auth_permission_id_seq; Type: SEQUENCE OWNED BY; Schema: public; Owner: -
--

ALTER SEQUENCE "public"."auth_permission_id_seq" OWNED BY "public"."auth_permission"."id";


--
-- Name: auth_user; Type: TABLE; Schema: public; Owner: -
--

CREATE TABLE "public"."auth_user" (
    "id" integer NOT NULL,
    "password" character varying(128) NOT NULL,
    "last_login" timestamp with time zone,
    "is_superuser" boolean NOT NULL,
    "username" character varying(150) NOT NULL,
    "first_name" character varying(150) NOT NULL,
    "last_name" character varying(150) NOT NULL,
    "email" character varying(254) NOT NULL,
    "is_staff" boolean NOT NULL,
    "is_active" boolean NOT NULL,
    "date_joined" timestamp with time zone NOT NULL
);


--
-- Name: auth_user_groups; Type: TABLE; Schema: public; Owner: -
--

CREATE TABLE "public"."auth_user_groups" (
    "id" bigint NOT NULL,
    "user_id" integer NOT NULL,
    "group_id" integer NOT NULL
);


--
-- Name: auth_user_groups_id_seq; Type: SEQUENCE; Schema: public; Owner: -
--

CREATE SEQUENCE "public"."auth_user_groups_id_seq"
    START WITH 1
    INCREMENT BY 1
    NO MINVALUE
    NO MAXVALUE
    CACHE 1;


--
-- Name: auth_user_groups_id_seq; Type: SEQUENCE OWNED BY; Schema: public; Owner: -
--

ALTER SEQUENCE "public"."auth_user_groups_id_seq" OWNED BY "public"."auth_user_groups"."id";


--
-- Name: auth_user_id_seq; Type: SEQUENCE; Schema: public; Owner: -
--

CREATE SEQUENCE "public"."auth_user_id_seq"
    AS integer
    START WITH 1
    INCREMENT BY 1
    NO MINVALUE
    NO MAXVALUE
    CACHE 1;


--
-- Name: auth_user_id_seq; Type: SEQUENCE OWNED BY; Schema: public; Owner: -
--

ALTER SEQUENCE "public"."auth_user_id_seq" OWNED BY "public"."auth_user"."id";


--
-- Name: auth_user_user_permissions; Type: TABLE; Schema: public; Owner: -
--

CREATE TABLE "public"."auth_user_user_permissions" (
    "id" bigint NOT NULL,
    "user_id" integer NOT NULL,
    "permission_id" integer NOT NULL
);


--
-- Name: auth_user_user_permissions_id_seq; Type: SEQUENCE; Schema: public; Owner: -
--

CREATE SEQUENCE "public"."auth_user_user_permissions_id_seq"
    START WITH 1
    INCREMENT BY 1
    NO MINVALUE
    NO MAXVALUE
    CACHE 1;


--
-- Name: auth_user_user_permissions_id_seq; Type: SEQUENCE OWNED BY; Schema: public; Owner: -
--

ALTER SEQUENCE "public"."auth_user_user_permissions_id_seq" OWNED BY "public"."auth_user_user_permissions"."id";


--
-- Name: django_admin_log; Type: TABLE; Schema: public; Owner: -
--

CREATE TABLE "public"."django_admin_log" (
    "id" integer NOT NULL,
    "action_time" timestamp with time zone NOT NULL,
    "object_id" "text",
    "object_repr" character varying(200) NOT NULL,
    "action_flag" smallint NOT NULL,
    "change_message" "text" NOT NULL,
    "content_type_id" integer,
    "user_id" integer NOT NULL,
    CONSTRAINT "django_admin_log_action_flag_check" CHECK (("action_flag" >= 0))
);


--
-- Name: django_admin_log_id_seq; Type: SEQUENCE; Schema: public; Owner: -
--

CREATE SEQUENCE "public"."django_admin_log_id_seq"
    AS integer
    START WITH 1
    INCREMENT BY 1
    NO MINVALUE
    NO MAXVALUE
    CACHE 1;


--
-- Name: django_admin_log_id_seq; Type: SEQUENCE OWNED BY; Schema: public; Owner: -
--

ALTER SEQUENCE "public"."django_admin_log_id_seq" OWNED BY "public"."django_admin_log"."id";


--
-- Name: django_content_type; Type: TABLE; Schema: public; Owner: -
--

CREATE TABLE "public"."django_content_type" (
    "id" integer NOT NULL,
    "app_label" character varying(100) NOT NULL,
    "model" character varying(100) NOT NULL
);


--
-- Name: django_content_type_id_seq; Type: SEQUENCE; Schema: public; Owner: -
--

CREATE SEQUENCE "public"."django_content_type_id_seq"
    AS integer
    START WITH 1
    INCREMENT BY 1
    NO MINVALUE
    NO MAXVALUE
    CACHE 1;


--
-- Name: django_content_type_id_seq; Type: SEQUENCE OWNED BY; Schema: public; Owner: -
--

ALTER SEQUENCE "public"."django_content_type_id_seq" OWNED BY "public"."django_content_type"."id";


--
-- Name: django_migrations; Type: TABLE; Schema: public; Owner: -
--

CREATE TABLE "public"."django_migrations" (
    "id" bigint NOT NULL,
    "app" character varying(255) NOT NULL,
    "name" character varying(255) NOT NULL,
    "applied" timestamp with time zone NOT NULL
);


--
-- Name: django_migrations_id_seq; Type: SEQUENCE; Schema: public; Owner: -
--

CREATE SEQUENCE "public"."django_migrations_id_seq"
    START WITH 1
    INCREMENT BY 1
    NO MINVALUE
    NO MAXVALUE
    CACHE 1;


--
-- Name: django_migrations_id_seq; Type: SEQUENCE OWNED BY; Schema: public; Owner: -
--

ALTER SEQUENCE "public"."django_migrations_id_seq" OWNED BY "public"."django_migrations"."id";


--
-- Name: django_session; Type: TABLE; Schema: public; Owner: -
--

CREATE TABLE "public"."django_session" (
    "session_key" character varying(40) NOT NULL,
    "session_data" "text" NOT NULL,
    "expire_date" timestamp with time zone NOT NULL
);


--
-- Name: polls_choice; Type: TABLE; Schema: public; Owner: -
--

CREATE TABLE "public"."polls_choice" (
    "id" bigint NOT NULL,
    "choice_text" character varying(255) NOT NULL,
    "question_id" bigint NOT NULL,
    "image" character varying(100) NOT NULL
);


--
-- Name: polls_choice_id_seq; Type: SEQUENCE; Schema: public; Owner: -
--

CREATE SEQUENCE "public"."polls_choice_id_seq"
    START WITH 1
    INCREMENT BY 1
    NO MINVALUE
    NO MAXVALUE
    CACHE 1;


--
-- Name: polls_choice_id_seq; Type: SEQUENCE OWNED BY; Schema: public; Owner: -
--

ALTER SEQUENCE "public"."polls_choice_id_seq" OWNED BY "public"."polls_choice"."id";


--
-- Name: polls_choice_votes; Type: TABLE; Schema: public; Owner: -
--

CREATE TABLE "public"."polls_choice_votes" (
    "id" bigint NOT NULL,
    "choice_id" bigint NOT NULL,
    "guest_id" bigint NOT NULL
);


--
-- Name: polls_choice_votes_id_seq; Type: SEQUENCE; Schema: public; Owner: -
--

CREATE SEQUENCE "public"."polls_choice_votes_id_seq"
    START WITH 1
    INCREMENT BY 1
    NO MINVALUE
    NO MAXVALUE
    CACHE 1;


--
-- Name: polls_choice_votes_id_seq; Type: SEQUENCE OWNED BY; Schema: public; Owner: -
--

ALTER SEQUENCE "public"."polls_choice_votes_id_seq" OWNED BY "public"."polls_choice_votes"."id";


--
-- Name: polls_guest; Type: TABLE; Schema: public; Owner: -
--

CREATE TABLE "public"."polls_guest" (
    "id" bigint NOT NULL,
    "alias" character varying(20) NOT NULL,
    "fav_color" character varying(20) NOT NULL,
    "first_name" character varying(10) NOT NULL,
    "last_name" character varying(10) NOT NULL,
    "spirit_animal" character varying(20) NOT NULL,
    "fav_drink" character varying(20) NOT NULL,
    "comment" character varying(140) NOT NULL,
    "picture" character varying(100) NOT NULL
);


--
-- Name: polls_guest_id_seq; Type: SEQUENCE; Schema: public; Owner: -
--

CREATE SEQUENCE "public"."polls_guest_id_seq"
    START WITH 1
    INCREMENT BY 1
    NO MINVALUE
    NO MAXVALUE
    CACHE 1;


--
-- Name: polls_guest_id_seq; Type: SEQUENCE OWNED BY; Schema: public; Owner: -
--

ALTER SEQUENCE "public"."polls_guest_id_seq" OWNED BY "public"."polls_guest"."id";


--
-- Name: polls_question; Type: TABLE; Schema: public; Owner: -
--

CREATE TABLE "public"."polls_question" (
    "id" bigint NOT NULL,
    "q_text" character varying(255) NOT NULL,
    "type" character varying(20) NOT NULL,
    "image" character varying(100) NOT NULL,
    "position" integer NOT NULL
);


--
-- Name: polls_question_id_seq; Type: SEQUENCE; Schema: public; Owner: -
--

CREATE SEQUENCE "public"."polls_question_id_seq"
    START WITH 1
    INCREMENT BY 1
    NO MINVALUE
    NO MAXVALUE
    CACHE 1;


--
-- Name: polls_question_id_seq; Type: SEQUENCE OWNED BY; Schema: public; Owner: -
--

ALTER SEQUENCE "public"."polls_question_id_seq" OWNED BY "public"."polls_question"."id";


--
-- Name: auth_group id; Type: DEFAULT; Schema: public; Owner: -
--

ALTER TABLE ONLY "public"."auth_group" ALTER COLUMN "id" SET DEFAULT "nextval"('"public"."auth_group_id_seq"'::"regclass");


--
-- Name: auth_group_permissions id; Type: DEFAULT; Schema: public; Owner: -
--

ALTER TABLE ONLY "public"."auth_group_permissions" ALTER COLUMN "id" SET DEFAULT "nextval"('"public"."auth_group_permissions_id_seq"'::"regclass");


--
-- Name: auth_permission id; Type: DEFAULT; Schema: public; Owner: -
--

ALTER TABLE ONLY "public"."auth_permission" ALTER COLUMN "id" SET DEFAULT "nextval"('"public"."auth_permission_id_seq"'::"regclass");


--
-- Name: auth_user id; Type: DEFAULT; Schema: public; Owner: -
--

ALTER TABLE ONLY "public"."auth_user" ALTER COLUMN "id" SET DEFAULT "nextval"('"public"."auth_user_id_seq"'::"regclass");


--
-- Name: auth_user_groups id; Type: DEFAULT; Schema: public; Owner: -
--

ALTER TABLE ONLY "public"."auth_user_groups" ALTER COLUMN "id" SET DEFAULT "nextval"('"public"."auth_user_groups_id_seq"'::"regclass");


--
-- Name: auth_user_user_permissions id; Type: DEFAULT; Schema: public; Owner: -
--

ALTER TABLE ONLY "public"."auth_user_user_permissions" ALTER COLUMN "id" SET DEFAULT "nextval"('"public"."auth_user_user_permissions_id_seq"'::"regclass");


--
-- Name: django_admin_log id; Type: DEFAULT; Schema: public; Owner: -
--

ALTER TABLE ONLY "public"."django_admin_log" ALTER COLUMN "id" SET DEFAULT "nextval"('"public"."django_admin_log_id_seq"'::"regclass");


--
-- Name: django_content_type id; Type: DEFAULT; Schema: public; Owner: -
--

ALTER TABLE ONLY "public"."django_content_type" ALTER COLUMN "id" SET DEFAULT "nextval"('"public"."django_content_type_id_seq"'::"regclass");


--
-- Name: django_migrations id; Type: DEFAULT; Schema: public; Owner: -
--

ALTER TABLE ONLY "public"."django_migrations" ALTER COLUMN "id" SET DEFAULT "nextval"('"public"."django_migrations_id_seq"'::"regclass");


--
-- Name: polls_choice id; Type: DEFAULT; Schema: public; Owner: -
--

ALTER TABLE ONLY "public"."polls_choice" ALTER COLUMN "id" SET DEFAULT "nextval"('"public"."polls_choice_id_seq"'::"regclass");


--
-- Name: polls_choice_votes id; Type: DEFAULT; Schema: public; Owner: -
--

ALTER TABLE ONLY "public"."polls_choice_votes" ALTER COLUMN "id" SET DEFAULT "nextval"('"public"."polls_choice_votes_id_seq"'::"regclass");


--
-- Name: polls_guest id; Type: DEFAULT; Schema: public; Owner: -
--

ALTER TABLE ONLY "public"."polls_guest" ALTER COLUMN "id" SET DEFAULT "nextval"('"public"."polls_guest_id_seq"'::"regclass");


--
-- Name: polls_question id; Type: DEFAULT; Schema: public; Owner: -
--

ALTER TABLE ONLY "public"."polls_question" ALTER COLUMN "id" SET DEFAULT "nextval"('"public"."polls_question_id_seq"'::"regclass");


--
-- Data for Name: auth_group; Type: TABLE DATA; Schema: public; Owner: -
--

COPY "public"."auth_group" ("id", "name") FROM stdin;
\.


--
-- Data for Name: auth_group_permissions; Type: TABLE DATA; Schema: public; Owner: -
--

COPY "public"."auth_group_permissions" ("id", "group_id", "permission_id") FROM stdin;
\.


--
-- Data for Name: auth_permission; Type: TABLE DATA; Schema: public; Owner: -
--

COPY "public"."auth_permission" ("id", "name", "content_type_id", "codename") FROM stdin;
1	Can add log entry	1	add_logentry
2	Can change log entry	1	change_logentry
3	Can delete log entry	1	delete_logentry
4	Can view log entry	1	view_logentry
5	Can add permission	2	add_permission
6	Can change permission	2	change_permission
7	Can delete permission	2	delete_permission
8	Can view permission	2	view_permission
9	Can add group	3	add_group
10	Can change group	3	change_group
11	Can delete group	3	delete_group
12	Can view group	3	view_group
13	Can add user	4	add_user
14	Can change user	4	change_user
15	Can delete user	4	delete_user
16	Can view user	4	view_user
17	Can add content type	5	add_contenttype
18	Can change content type	5	change_contenttype
19	Can delete content type	5	delete_contenttype
20	Can view content type	5	view_contenttype
21	Can add session	6	add_session
22	Can change session	6	change_session
23	Can delete session	6	delete_session
24	Can view session	6	view_session
25	Can add guest	7	add_guest
26	Can change guest	7	change_guest
27	Can delete guest	7	delete_guest
28	Can view guest	7	view_guest
29	Can add question	8	add_question
30	Can change question	8	change_question
31	Can delete question	8	delete_question
32	Can view question	8	view_question
33	Can add choice	9	add_choice
34	Can change choice	9	change_choice
35	Can delete choice	9	delete_choice
36	Can view choice	9	view_choice
\.


--
-- Data for Name: auth_user; Type: TABLE DATA; Schema: public; Owner: -
--

COPY "public"."auth_user" ("id", "password", "last_login", "is_superuser", "username", "first_name", "last_name", "email", "is_staff", "is_active", "date_joined") FROM stdin;
1	pbkdf2_sha256$260000$cxBcY8qU140eENgUR7olAb$m0bCVmXcF8blils4gMMLmUqHQWEjzsdSSravJ68qFKg=	2022-04-21 16:01:16.71414+00	t	joshdavis			josh.davis@live.ca	t	t	2022-04-19 13:14:55.162621+00
\.


--
-- Data for Name: auth_user_groups; Type: TABLE DATA; Schema: public; Owner: -
--

COPY "public"."auth_user_groups" ("id", "user_id", "group_id") FROM stdin;
\.


--
-- Data for Name: auth_user_user_permissions; Type: TABLE DATA; Schema: public; Owner: -
--

COPY "public"."auth_user_user_permissions" ("id", "user_id", "permission_id") FROM stdin;
\.


--
-- Data for Name: django_admin_log; Type: TABLE DATA; Schema: public; Owner: -
--

COPY "public"."django_admin_log" ("id", "action_time", "object_id", "object_repr", "action_flag", "change_message", "content_type_id", "user_id") FROM stdin;
1	2022-04-19 14:37:33.925738+00	5	5: No way, I'... for Q2: This home features a hot tub. Will you be suiting ...	2	[{"changed": {"fields": ["Image"]}}]	9	1
2	2022-04-19 14:50:55.508044+00	6	6: I lub the ... for Q2: This home features a hot tub. Will you be suiting ...	2	[{"changed": {"fields": ["Image"]}}]	9	1
3	2022-04-19 14:51:42.469783+00	9	9: I ride alo... for Q4: Additional guests are welcome. Please choose the s...	2	[{"changed": {"fields": ["Image"]}}]	9	1
4	2022-04-19 14:52:00.990333+00	10	10: I'm bringi... for Q4: Additional guests are welcome. Please choose the s...	2	[{"changed": {"fields": ["Image"]}}]	9	1
5	2022-04-19 14:52:15.727806+00	11	11: Call me Ad... for Q4: Additional guests are welcome. Please choose the s...	2	[{"changed": {"fields": ["Image"]}}]	9	1
6	2022-04-19 14:52:45.693835+00	12	12: Classic Ha... for Q5: Please select your preferred keg stand stance....	2	[{"changed": {"fields": ["Image"]}}]	9	1
7	2022-04-19 14:53:06.899702+00	13	13: Gargoyle... for Q5: Please select your preferred keg stand stance....	2	[{"changed": {"fields": ["Image"]}}]	9	1
8	2022-04-19 14:53:29.461018+00	14	14: Schwarzene... for Q5: Please select your preferred keg stand stance....	2	[{"changed": {"fields": ["Image"]}}]	9	1
9	2022-04-19 14:54:04.368146+00	15	15: I must ret... for Q6: There is plenty of sleeping space (and parking) an...	2	[{"changed": {"fields": ["Image"]}}]	9	1
10	2022-04-19 14:54:23.110354+00	16	16: Let's put ... for Q6: There is plenty of sleeping space (and parking) an...	2	[{"changed": {"fields": ["Image"]}}]	9	1
11	2022-04-19 16:57:37.094264+00	8	8: Give "It" A try	3		7	1
12	2022-04-19 16:57:37.107434+00	7	7: Fake "Testing" Name	3		7	1
13	2022-04-19 16:57:37.115274+00	6	6: V "" 	3		7	1
14	2022-04-19 16:57:37.121012+00	5	5: s "" 	3		7	1
15	2022-04-19 16:57:37.1255+00	4	4: t "" 	3		7	1
16	2022-04-19 16:57:37.131437+00	3	3: Test "" 	3		7	1
17	2022-04-19 16:57:37.139329+00	2	2: Josh "TotesHost" Davis	3		7	1
18	2022-04-19 16:57:37.144498+00	1	1: Chief "Hoss" Bigwig	3		7	1
19	2022-04-19 18:16:57.78417+00	11	11: Test "Testing" Name	3		7	1
20	2022-04-19 18:16:57.80605+00	9	9: Emily "Lawton" Brown	3		7	1
21	2022-04-19 22:02:57.063835+00	12	12: Josh "The Architect" Davis	2	[{"changed": {"fields": ["Alias", "Comment"]}}]	7	1
22	2022-04-19 22:48:23.102366+00	12	12: Josh "The Architect" Davis	3		7	1
23	2022-04-21 00:43:52.657408+00	2	2: Saturday, ... for Q1: The date of the housewarming depends on everyone's...	2	[{"changed": {"fields": ["Votes"]}}]	9	1
24	2022-04-21 00:44:54.817003+00	2	2: Saturday, ... for Q1: The date of the housewarming depends on everyone's...	2	[]	9	1
25	2022-04-21 01:56:12.987554+00	2	2: Saturday, ... for Q1: The date of the housewarming depends on everyone's...	2	[{"changed": {"fields": ["Votes"]}}]	9	1
26	2022-04-21 01:56:56.992785+00	4	4: Saturday, ... for Q1: The date of the housewarming depends on everyone's...	2	[{"changed": {"fields": ["Votes"]}}]	9	1
27	2022-04-21 16:02:19.040075+00	37	37: Trevor "" Daurio	2	[{"changed": {"fields": ["Picture"]}}]	7	1
28	2022-04-21 16:04:07.172924+00	37	37: Trevor "" Daurio	3		7	1
29	2022-04-21 16:19:54.127674+00	38	38: Teee "" Money	3		7	1
30	2022-04-21 16:23:43.204785+00	40	40: Test "" 	3		7	1
31	2022-04-21 16:23:52.209135+00	39	39: Josh "Testing" Davis	3		7	1
32	2022-04-22 17:46:17.18603+00	44	44: Trevor "Eccles" Daurio	2	[{"changed": {"fields": ["Comment"]}}]	7	1
33	2022-04-22 17:51:43.847768+00	10	10: Ivy "You Gonna Eat That?" Brown	2	[{"changed": {"fields": ["First name", "Last name", "Alias", "Comment"]}}]	7	1
34	2022-04-22 17:54:21.099025+00	1	1: Saturday, ... for Q1: The date of the housewarming depends on everyone's...	2	[{"changed": {"fields": ["Votes"]}}]	9	1
35	2022-04-22 17:54:33.130165+00	2	2: Saturday, ... for Q1: The date of the housewarming depends on everyone's...	2	[{"changed": {"fields": ["Votes"]}}]	9	1
36	2022-04-22 17:54:38.245318+00	3	3: Saturday, ... for Q1: The date of the housewarming depends on everyone's...	2	[{"changed": {"fields": ["Votes"]}}]	9	1
37	2022-04-22 17:54:43.347604+00	4	4: Saturday, ... for Q1: The date of the housewarming depends on everyone's...	2	[{"changed": {"fields": ["Votes"]}}]	9	1
38	2022-04-28 03:12:03.743318+00	45	45: Mr. "Mystery" Anon	3		7	1
39	2022-04-28 03:12:30.978791+00	49	49: some "random" dude	2	[{"changed": {"fields": ["Fav color"]}}]	7	1
40	2022-04-28 03:13:54.278408+00	46	46: Mystery "???" Guest	2	[{"changed": {"fields": ["Fav color"]}}]	7	1
41	2022-04-28 03:14:14.846764+00	47	47: Someone's "secret" +1	2	[{"changed": {"fields": ["Fav color", "Comment"]}}]	7	1
42	2022-04-28 03:14:31.962158+00	48	48: Somebody's "Friend" allegedly	2	[{"changed": {"fields": ["Fav color"]}}]	7	1
43	2022-04-29 18:14:17.706753+00	41	41: Trash "SlapAss" Bandicoot	2	[{"changed": {"fields": ["Fav color", "Comment"]}}]	7	1
44	2022-04-29 18:20:57.482702+00	50	50: Random "cool" Guy	2	[{"changed": {"fields": ["Fav color"]}}]	7	1
\.


--
-- Data for Name: django_content_type; Type: TABLE DATA; Schema: public; Owner: -
--

COPY "public"."django_content_type" ("id", "app_label", "model") FROM stdin;
1	admin	logentry
2	auth	permission
3	auth	group
4	auth	user
5	contenttypes	contenttype
6	sessions	session
7	polls	guest
8	polls	question
9	polls	choice
\.


--
-- Data for Name: django_migrations; Type: TABLE DATA; Schema: public; Owner: -
--

COPY "public"."django_migrations" ("id", "app", "name", "applied") FROM stdin;
1	contenttypes	0001_initial	2022-04-19 13:11:56.700688+00
2	auth	0001_initial	2022-04-19 13:11:58.975984+00
3	admin	0001_initial	2022-04-19 13:11:59.125614+00
4	admin	0002_logentry_remove_auto_add	2022-04-19 13:11:59.138487+00
5	admin	0003_logentry_add_action_flag_choices	2022-04-19 13:11:59.155964+00
6	contenttypes	0002_remove_content_type_name	2022-04-19 13:11:59.254492+00
7	auth	0002_alter_permission_name_max_length	2022-04-19 13:11:59.268894+00
8	auth	0003_alter_user_email_max_length	2022-04-19 13:11:59.284562+00
9	auth	0004_alter_user_username_opts	2022-04-19 13:11:59.297673+00
10	auth	0005_alter_user_last_login_null	2022-04-19 13:11:59.314486+00
11	auth	0006_require_contenttypes_0002	2022-04-19 13:11:59.322758+00
12	auth	0007_alter_validators_add_error_messages	2022-04-19 13:11:59.339296+00
13	auth	0008_alter_user_username_max_length	2022-04-19 13:11:59.426175+00
14	auth	0009_alter_user_last_name_max_length	2022-04-19 13:11:59.441323+00
15	auth	0010_alter_group_name_max_length	2022-04-19 13:11:59.456849+00
16	auth	0011_update_proxy_permissions	2022-04-19 13:11:59.468652+00
17	auth	0012_alter_user_first_name_max_length	2022-04-19 13:11:59.482838+00
18	polls	0001_initial	2022-04-19 13:11:59.527581+00
19	polls	0002_auto_20220319_2157	2022-04-19 13:11:59.791354+00
20	polls	0003_auto_20220320_1934	2022-04-19 13:11:59.815675+00
21	polls	0004_alter_choice_votes	2022-04-19 13:11:59.826216+00
22	polls	0005_question_image	2022-04-19 13:11:59.843356+00
23	polls	0006_auto_20220404_1613	2022-04-19 13:11:59.867722+00
24	polls	0007_choice_image	2022-04-19 13:11:59.887429+00
25	polls	0008_alter_choice_image	2022-04-19 13:11:59.903433+00
26	polls	0009_auto_20220415_1539	2022-04-19 13:11:59.943772+00
27	sessions	0001_initial	2022-04-19 13:12:00.095092+00
\.


--
-- Data for Name: django_session; Type: TABLE DATA; Schema: public; Owner: -
--

COPY "public"."django_session" ("session_key", "session_data", "expire_date") FROM stdin;
qvzpqn430f7hgw7tzxos4rtlcxfsotbu	.eJxVjEEOwiAQRe_C2pABhgou3fcMZBhAqoYmpV0Z765NutDtf-_9lwi0rTVsPS9hSuIilDj9bpH4kdsO0p3abZY8t3WZotwVedAuxznl5_Vw_w4q9fqtiVIGo7VHh2zwzBCj0qVkpYBwQIISnXaJPSiDVntiW4bkvPUIhot4fwDebDeQ:1ngov1:iFayU3mLxNO5AAOEY_j5i_QpUmighD-FxuKkwDxL3MA	2022-05-03 14:33:27.8495+00
0wfwg0p70gfpsawmzq3iysyynkvuwnjf	.eJxVjEEOwiAQRe_C2pABhgou3fcMZBhAqoYmpV0Z765NutDtf-_9lwi0rTVsPS9hSuIilDj9bpH4kdsO0p3abZY8t3WZotwVedAuxznl5_Vw_w4q9fqtiVIGo7VHh2zwzBCj0qVkpYBwQIISnXaJPSiDVntiW4bkvPUIhot4fwDebDeQ:1ngrA8:uAu_XPW5zjZEREmLFbDhRWkILryJkm8h9X6KKvTzSqE	2022-05-03 16:57:12.293764+00
eyjn0wwiqbgm83wl8lb7jhm2tk3b58b5	.eJxVjEEOwiAQRe_C2pABhgou3fcMZBhAqoYmpV0Z765NutDtf-_9lwi0rTVsPS9hSuIilDj9bpH4kdsO0p3abZY8t3WZotwVedAuxznl5_Vw_w4q9fqtiVIGo7VHh2zwzBCj0qVkpYBwQIISnXaJPSiDVntiW4bkvPUIhot4fwDebDeQ:1nhZF6:ydu0fLZ0fF1f81pMKuEyCSn9cWbvkOzOW2bnD6nVTmg	2022-05-05 16:01:16.743319+00
\.


--
-- Data for Name: polls_choice; Type: TABLE DATA; Schema: public; Owner: -
--

COPY "public"."polls_choice" ("id", "choice_text", "question_id", "image") FROM stdin;
7	Pass me the broom handle, Daddy's gotta bust.	3	
8	Ceilings are sacrosanct and must remain intact, at least until marriage.	3	
5	No way, I'm a dry guy.	2	dryguy_pPa5kz8_t7ayWlX.jpg
6	I lub the tub. Consider me a member of the tub club.	2	hottub2_3p64Fe7.jpg
9	I ride alone, always.	4	wolf_k4yGMWm_mFcZJxl.jpg
10	I'm bringing a +1.	4	plus1_Uq0Fehr_MhCjzAQ.png
11	Call me Adele because I roll deep.	4	adele_qX3ZoJ9.jpg
12	Classic Handstand	5	stand_Efeg0HV_7zPz73X.svg
13	Gargoyle	5	gargoyle_PJNXogF_MOCQKQe.svg
14	Schwarzenegger Keg Press	5	muscle_bosLY8Q_IFIvGIM.svg
15	I must return by dusk, the city needs me.	6	goodbye_j7B3Ait_OmwgXCM.svg
16	Let's put the HAM back in Durham (expect me for morning bacon).	6	sleep_aWrO9JG_JxTwwB4.svg
1	Saturday, April 30th	1	
2	Saturday, May 7th	1	
3	Saturday, May 14th	1	
4	Saturday, May 28th	1	
\.


--
-- Data for Name: polls_choice_votes; Type: TABLE DATA; Schema: public; Owner: -
--

COPY "public"."polls_choice_votes" ("id", "choice_id", "guest_id") FROM stdin;
40	6	10
41	8	10
42	9	10
43	12	10
44	16	10
61	6	13
62	8	13
63	9	13
64	14	13
65	16	13
66	1	13
67	3	13
68	4	13
69	6	14
70	8	14
71	10	14
72	13	14
73	16	14
74	4	14
75	6	15
76	8	15
77	11	15
78	13	15
79	16	15
80	1	15
81	4	15
82	6	16
83	8	16
84	10	16
85	12	16
86	15	16
87	2	16
88	3	16
89	4	16
90	6	17
91	8	17
92	9	17
93	12	17
94	16	17
95	2	17
96	3	17
97	7	18
98	11	18
99	13	18
100	16	18
102	3	18
103	5	19
104	8	19
105	10	19
106	12	19
107	15	19
108	1	19
109	2	19
110	3	19
111	4	19
112	6	20
113	8	20
114	9	20
115	14	20
116	15	20
117	2	20
118	3	20
119	4	20
120	5	21
121	8	21
122	10	21
123	13	21
124	15	21
125	2	21
126	6	22
127	7	22
128	10	22
129	13	22
130	15	22
131	3	22
132	4	22
133	6	23
134	8	23
135	9	23
136	13	23
137	16	23
138	2	23
139	6	24
140	8	24
141	10	24
142	13	24
143	15	24
144	2	24
145	4	24
146	6	25
147	8	25
148	10	25
149	13	25
150	16	25
151	1	25
152	2	25
153	6	26
154	8	26
155	10	26
156	13	26
157	16	26
158	1	26
159	4	26
160	6	27
161	7	27
162	11	27
163	13	27
164	15	27
165	2	27
166	4	27
167	5	28
168	8	28
169	9	28
170	13	28
171	15	28
172	3	28
173	6	29
174	8	29
175	10	29
176	12	29
177	15	29
178	1	29
179	2	29
180	3	29
181	6	30
182	8	30
183	10	30
184	12	30
185	15	30
187	5	31
188	8	31
189	12	31
190	6	32
191	8	32
192	13	32
193	16	32
194	2	32
195	3	32
196	6	33
197	8	33
198	10	33
199	12	33
200	16	33
201	1	33
202	2	33
203	6	34
204	7	34
205	9	34
206	12	34
207	16	34
208	4	34
209	6	35
210	7	35
211	10	35
212	14	35
213	15	35
214	6	36
215	8	36
216	10	36
217	12	36
218	16	36
219	3	36
220	4	36
221	2	15
227	5	41
228	7	41
229	9	41
230	13	41
231	15	41
232	6	42
233	8	42
234	9	42
235	13	42
236	15	42
237	2	42
238	6	43
239	8	43
240	9	43
241	12	43
242	16	43
243	1	43
244	3	43
245	2	43
246	4	43
247	6	44
248	7	44
249	9	44
250	12	44
251	16	44
252	2	44
258	6	55
259	8	55
260	10	55
261	13	55
262	16	55
263	1	55
264	2	55
265	3	55
266	4	55
267	6	56
268	8	56
269	10	56
270	12	56
271	15	56
272	2	56
273	6	57
274	7	57
275	9	57
276	12	57
277	16	57
\.


--
-- Data for Name: polls_guest; Type: TABLE DATA; Schema: public; Owner: -
--

COPY "public"."polls_guest" ("id", "alias", "fav_color", "first_name", "last_name", "spirit_animal", "fav_drink", "comment", "picture") FROM stdin;
13	Lake Shore	#61187c	Laura	Burchell	koala.jpg	martini.jpg		Laura_Lake_Shore_Burchell.jpeg
14	Hans	#000000	Hannah	Leznoff	koala.jpg	wine_snob.jpg		Hannah_Hans_Leznoff.jpeg
15	Wroxeter	#5c5c5c	Arash	Nassiri	koala.jpg	moscow.jpg		Arash_Wroxeter_Nassiri.jpeg
16	Tree Slut	#00ff00	Evan	Lewis	monkey.jpg	homer_beer.jpg	What prestigious gifts shall we shower our great and noble host with? Beer, tequila, gin, whiskey, toilet paper? 🧐	Evan_Tree_Slut_Lewis.jpeg
17	JMatz	#0061fe	Jennifer 	Matusiak 	sloth.jpg	homer_beer.jpg	10/10 invite. Much approval 	Jennifer__JMatz_Matusiak_.jpeg
18	Moosegoose	#000000	Moose 	Goose 	koala.jpg	moscow.jpg	Meow	Moose__Moosegoose_Goose_.jpeg
19	Used to be Elliott	#00ff00	Sam	Miehe	capybara.jpg	homer_beer.jpg		profile_default.jpg
20	Swag City 	#012f7b	Phil	Tungate 	sloth.jpg	moscow.jpg	If I magically have a girlfriend or random tinder date by then, I may bring her to spice things up, or cause an orgy 	Phil_Swag_City__Tungate_.jpeg
21	Balmoral Crew	#d9c9fe	April	Tan	goat.jpg	homer_beer.jpg	What apps can we bring?!	April_Balmoral_Crew_Tan.jpeg
22	The Uniballer	#563d7c	Scott	Langendyk	goat.jpg	homer_beer.jpg	Reinforce all coat racks	Scott_The_Uniballer_Langendyk.jpeg
23	Frad the OG	#000000	Curtis	Bekking	koala.jpg	homer_beer.jpg	Pass me the broom handle, Daddy's a member of the tub club	Curtis_Frad_the_OG_Bekking.jpeg
24	Sasqueen	#ff00ff	Melissa	Da cunha 	sloth.jpg	caesar.jpg	Congrats on the new place! 	Melissa_Sasqueen_Da_cunha_.jpeg
25	KMoneyGunnns	#01c7fc	Kaity	Woermke	koala.jpg	homer_beer.jpg	LETS RAAAAAGGEEEE	Kaity_KMoneyGunnns_Woermke.jpeg
26	Queen Street	#b18cfe	Makenna	Ruddy	koala.jpg	homer_beer.jpg		profile_default.jpg
27	JuGot2	#ff0000	Julia	Wall	goat.jpg	wine_snob.jpg		Julia_JuGot2_Wall.jpeg
28	Who Dat	#fbb6d8	Olivia	Roy	sloth.jpg	moscow.jpg		profile_default.jpg
29	Gillywang	#831100	Gillian	McFarlane	sloth.jpg	wine_snob.jpg	Schlick Schlick	Gillian_Gillywang_McFarlane.jpeg
30	Big D	#76bb40	Scott	Davies	goat.jpg	homer_beer.jpg	The way you move it, I can't believe it, I ain't never seen a A S S L I K E T H A T	Scott_Big_D_Davies.jpeg
31	Wainscot	#00bd00	Ashley	Killen	monkey.jpg	martini.jpg		Ashley_Wainscot_Killen.jpeg
32	Xavi!	#011d57	F. Javier	Carreon 	goat.jpg	wine_snob.jpg	Duuuude!	F._Javier_Xavi_Carreon_.jpeg
33	Swaggy Jaggy	#36e336	Matt	Jaglowitz	goat.jpg	homer_beer.jpg	This is next level	Matt_Swaggy_Jaggy_Jaglowitz.jpeg
34	Westwood	#ff0000	Calvin	Hargreaves	monkey.jpg	homer_beer.jpg	I'm afraid of the dark, so I never sleep.	Calvin_Westwood_Hargreaves.jpeg
35	Russet Wynd	#0056d6	Ian	Polos	monkey.jpg	moscow.jpg	Hopefully I can pop in some drywall holes if your around in June! Looks like it will be a blast buddy sorry I can’t make it	Ian_Russet_Wynd_Polos.jpeg
36	Hoovnasty 	#0056d6	Jordan	Hoover	sloth.jpg	scotch2.jpg	I’m too sexy for my shirt, too sexy for my shirt. So sexy it hurts 	Jordan_Hoovnasty__Hoover.jpeg
54	Joke	#392277	Great	Teller	question.svg	question.svg	1. What did the farmer say when he lost his tractor?\n\n"Where's my tractor?"\n\n2. What does a nosey pepper do?\n\n"It gets jalapeño business"	profile_default.jpg
42	Liberty	#ff6a00	Kevin	Moeun	sloth.jpg	caesar.jpg		Kevin_Liberty_Moeun.jpeg
43	EmmyB	#4ed063	Emily	Brown	goat.jpg	caesar.jpg		Emily_EmmyB_Brown.jpeg
49	random	#2b36bb	some	dude	question.svg	question.svg	The door wasn't locked so I just walked in haha anyways how you guys doin??	profile_default.jpg
44	Eccles	#563d7c	Trevor	Daurio	monkey.jpg	homer_beer.jpg	A man walks into a bar, and upon sitting down is promptly told, "This bar is incredible! The bartender serves apples of any flavor, any ...	Trevor_Eccles_Daurio_VDptzvL.jpeg
10	You Gonna Eat That?	#00ff00	Ivy	Brown	goat.jpg	caesar.jpg	Pooches Allowed?	Emily_Brown_Lawton.jpeg
55	LongPong	#003661	Josh	Davis	capybara.jpg	homer_beer.jpg	When I ain’t rising and grinding, I’m living, laughing (and loving). Let’s light this candle. 	Josh_LongPong_Davis.jpeg
56	Lil’ Jizzy	#1ce1ce	Jason	Laronde	sloth.jpg	homer_beer.jpg	10/10 invite, would rsvp again\n\n(The +1 is our dawg, he’s 12/10 good boi material) 	Jason_Lil_Jizzy_Laronde.jpeg
46	???	#9e7400	Mystery	Guest	question.svg	question.svg	YOU THINK YOU KNOW ME?! YOU DON'T KNOW ME!!	profile_default.jpg
47	secret	#9e003d	Someone's	+1	question.svg	question.svg	I'm with stupid.	profile_default.jpg
48	Friend	#01785c	Somebody's	allegedly	question.svg	question.svg	I'd rather be in bed.	profile_default.jpg
41	SlapAss	#b329a9	Trash	Bandicoot	monkey.jpg	scotch2.jpg	If it ain't broke, break it.	Trash_SlapAss_Bandicoot.jpeg
57	EDZN	#b51a00	Ethan	Newton	monkey.jpg	scotch2.jpg	Can’t wait to break in the new cribbbbbb	Ethan_EDZN_Newton.jpeg
50	cool	#29b39a	Random	Guy	question.svg	question.svg	Jeepers the music is kinda loud don't you think??  Ouchie my ears hurt!!	profile_default.jpg
51	Friendly	#b52217	Local	Spiderman	question.svg	question.svg	Wassup ladies I shoot webs.	profile_default.jpg
52	Chill	#2a2e41	Super	Dude	question.svg	question.svg	It's 5 o'clock somewhere HAHAHAHAH	profile_default.jpg
53	lovely	#be3c5c	Somebody's	Boyfriend	question.svg	question.svg	My girl takes care of me.  She's really nice.  	profile_default.jpg
\.


--
-- Data for Name: polls_question; Type: TABLE DATA; Schema: public; Owner: -
--

COPY "public"."polls_question" ("id", "q_text", "type", "image", "position") FROM stdin;
1	The date of the housewarming depends on everyone's availability. Please select any of the dates below that work for you.	checkbox		1
2	This home features a hot tub. Will you be suiting up? 	radio	hottub_YlNh5Ht.jpg	2
3	Do you intend to put holes in the drywalled ceilings?	radio		3
4	Additional guests are welcome. Please choose the statement below that best describes your entourage. (Note: Please ask your guests to fill out this survey as well)	radio		4
5	Please select your preferred keg stand stance.	radio		5
6	There is plenty of sleeping space (and parking) and guests are welcome to stay overnight. Please choose the statement below that best describes your plans. (Note: bringing a blowup mattress/sleeping bag/sleeping pad/etc is recommended)	radio		6
\.


--
-- Name: auth_group_id_seq; Type: SEQUENCE SET; Schema: public; Owner: -
--

SELECT pg_catalog.setval('"public"."auth_group_id_seq"', 1, false);


--
-- Name: auth_group_permissions_id_seq; Type: SEQUENCE SET; Schema: public; Owner: -
--

SELECT pg_catalog.setval('"public"."auth_group_permissions_id_seq"', 1, false);


--
-- Name: auth_permission_id_seq; Type: SEQUENCE SET; Schema: public; Owner: -
--

SELECT pg_catalog.setval('"public"."auth_permission_id_seq"', 36, true);


--
-- Name: auth_user_groups_id_seq; Type: SEQUENCE SET; Schema: public; Owner: -
--

SELECT pg_catalog.setval('"public"."auth_user_groups_id_seq"', 1, false);


--
-- Name: auth_user_id_seq; Type: SEQUENCE SET; Schema: public; Owner: -
--

SELECT pg_catalog.setval('"public"."auth_user_id_seq"', 1, true);


--
-- Name: auth_user_user_permissions_id_seq; Type: SEQUENCE SET; Schema: public; Owner: -
--

SELECT pg_catalog.setval('"public"."auth_user_user_permissions_id_seq"', 1, false);


--
-- Name: django_admin_log_id_seq; Type: SEQUENCE SET; Schema: public; Owner: -
--

SELECT pg_catalog.setval('"public"."django_admin_log_id_seq"', 44, true);


--
-- Name: django_content_type_id_seq; Type: SEQUENCE SET; Schema: public; Owner: -
--

SELECT pg_catalog.setval('"public"."django_content_type_id_seq"', 9, true);


--
-- Name: django_migrations_id_seq; Type: SEQUENCE SET; Schema: public; Owner: -
--

SELECT pg_catalog.setval('"public"."django_migrations_id_seq"', 27, true);


--
-- Name: polls_choice_id_seq; Type: SEQUENCE SET; Schema: public; Owner: -
--

SELECT pg_catalog.setval('"public"."polls_choice_id_seq"', 16, true);


--
-- Name: polls_choice_votes_id_seq; Type: SEQUENCE SET; Schema: public; Owner: -
--

SELECT pg_catalog.setval('"public"."polls_choice_votes_id_seq"', 277, true);


--
-- Name: polls_guest_id_seq; Type: SEQUENCE SET; Schema: public; Owner: -
--

SELECT pg_catalog.setval('"public"."polls_guest_id_seq"', 57, true);


--
-- Name: polls_question_id_seq; Type: SEQUENCE SET; Schema: public; Owner: -
--

SELECT pg_catalog.setval('"public"."polls_question_id_seq"', 6, true);


--
-- Name: auth_group auth_group_name_key; Type: CONSTRAINT; Schema: public; Owner: -
--

ALTER TABLE ONLY "public"."auth_group"
    ADD CONSTRAINT "auth_group_name_key" UNIQUE ("name");


--
-- Name: auth_group_permissions auth_group_permissions_group_id_permission_id_0cd325b0_uniq; Type: CONSTRAINT; Schema: public; Owner: -
--

ALTER TABLE ONLY "public"."auth_group_permissions"
    ADD CONSTRAINT "auth_group_permissions_group_id_permission_id_0cd325b0_uniq" UNIQUE ("group_id", "permission_id");


--
-- Name: auth_group_permissions auth_group_permissions_pkey; Type: CONSTRAINT; Schema: public; Owner: -
--

ALTER TABLE ONLY "public"."auth_group_permissions"
    ADD CONSTRAINT "auth_group_permissions_pkey" PRIMARY KEY ("id");


--
-- Name: auth_group auth_group_pkey; Type: CONSTRAINT; Schema: public; Owner: -
--

ALTER TABLE ONLY "public"."auth_group"
    ADD CONSTRAINT "auth_group_pkey" PRIMARY KEY ("id");


--
-- Name: auth_permission auth_permission_content_type_id_codename_01ab375a_uniq; Type: CONSTRAINT; Schema: public; Owner: -
--

ALTER TABLE ONLY "public"."auth_permission"
    ADD CONSTRAINT "auth_permission_content_type_id_codename_01ab375a_uniq" UNIQUE ("content_type_id", "codename");


--
-- Name: auth_permission auth_permission_pkey; Type: CONSTRAINT; Schema: public; Owner: -
--

ALTER TABLE ONLY "public"."auth_permission"
    ADD CONSTRAINT "auth_permission_pkey" PRIMARY KEY ("id");


--
-- Name: auth_user_groups auth_user_groups_pkey; Type: CONSTRAINT; Schema: public; Owner: -
--

ALTER TABLE ONLY "public"."auth_user_groups"
    ADD CONSTRAINT "auth_user_groups_pkey" PRIMARY KEY ("id");


--
-- Name: auth_user_groups auth_user_groups_user_id_group_id_94350c0c_uniq; Type: CONSTRAINT; Schema: public; Owner: -
--

ALTER TABLE ONLY "public"."auth_user_groups"
    ADD CONSTRAINT "auth_user_groups_user_id_group_id_94350c0c_uniq" UNIQUE ("user_id", "group_id");


--
-- Name: auth_user auth_user_pkey; Type: CONSTRAINT; Schema: public; Owner: -
--

ALTER TABLE ONLY "public"."auth_user"
    ADD CONSTRAINT "auth_user_pkey" PRIMARY KEY ("id");


--
-- Name: auth_user_user_permissions auth_user_user_permissions_pkey; Type: CONSTRAINT; Schema: public; Owner: -
--

ALTER TABLE ONLY "public"."auth_user_user_permissions"
    ADD CONSTRAINT "auth_user_user_permissions_pkey" PRIMARY KEY ("id");


--
-- Name: auth_user_user_permissions auth_user_user_permissions_user_id_permission_id_14a6b632_uniq; Type: CONSTRAINT; Schema: public; Owner: -
--

ALTER TABLE ONLY "public"."auth_user_user_permissions"
    ADD CONSTRAINT "auth_user_user_permissions_user_id_permission_id_14a6b632_uniq" UNIQUE ("user_id", "permission_id");


--
-- Name: auth_user auth_user_username_key; Type: CONSTRAINT; Schema: public; Owner: -
--

ALTER TABLE ONLY "public"."auth_user"
    ADD CONSTRAINT "auth_user_username_key" UNIQUE ("username");


--
-- Name: django_admin_log django_admin_log_pkey; Type: CONSTRAINT; Schema: public; Owner: -
--

ALTER TABLE ONLY "public"."django_admin_log"
    ADD CONSTRAINT "django_admin_log_pkey" PRIMARY KEY ("id");


--
-- Name: django_content_type django_content_type_app_label_model_76bd3d3b_uniq; Type: CONSTRAINT; Schema: public; Owner: -
--

ALTER TABLE ONLY "public"."django_content_type"
    ADD CONSTRAINT "django_content_type_app_label_model_76bd3d3b_uniq" UNIQUE ("app_label", "model");


--
-- Name: django_content_type django_content_type_pkey; Type: CONSTRAINT; Schema: public; Owner: -
--

ALTER TABLE ONLY "public"."django_content_type"
    ADD CONSTRAINT "django_content_type_pkey" PRIMARY KEY ("id");


--
-- Name: django_migrations django_migrations_pkey; Type: CONSTRAINT; Schema: public; Owner: -
--

ALTER TABLE ONLY "public"."django_migrations"
    ADD CONSTRAINT "django_migrations_pkey" PRIMARY KEY ("id");


--
-- Name: django_session django_session_pkey; Type: CONSTRAINT; Schema: public; Owner: -
--

ALTER TABLE ONLY "public"."django_session"
    ADD CONSTRAINT "django_session_pkey" PRIMARY KEY ("session_key");


--
-- Name: polls_choice polls_choice_pkey; Type: CONSTRAINT; Schema: public; Owner: -
--

ALTER TABLE ONLY "public"."polls_choice"
    ADD CONSTRAINT "polls_choice_pkey" PRIMARY KEY ("id");


--
-- Name: polls_choice_votes polls_choice_votes_choice_id_guest_id_c8111014_uniq; Type: CONSTRAINT; Schema: public; Owner: -
--

ALTER TABLE ONLY "public"."polls_choice_votes"
    ADD CONSTRAINT "polls_choice_votes_choice_id_guest_id_c8111014_uniq" UNIQUE ("choice_id", "guest_id");


--
-- Name: polls_choice_votes polls_choice_votes_pkey; Type: CONSTRAINT; Schema: public; Owner: -
--

ALTER TABLE ONLY "public"."polls_choice_votes"
    ADD CONSTRAINT "polls_choice_votes_pkey" PRIMARY KEY ("id");


--
-- Name: polls_guest polls_guest_pkey; Type: CONSTRAINT; Schema: public; Owner: -
--

ALTER TABLE ONLY "public"."polls_guest"
    ADD CONSTRAINT "polls_guest_pkey" PRIMARY KEY ("id");


--
-- Name: polls_question polls_question_pkey; Type: CONSTRAINT; Schema: public; Owner: -
--

ALTER TABLE ONLY "public"."polls_question"
    ADD CONSTRAINT "polls_question_pkey" PRIMARY KEY ("id");


--
-- Name: auth_group_name_a6ea08ec_like; Type: INDEX; Schema: public; Owner: -
--

CREATE INDEX "auth_group_name_a6ea08ec_like" ON "public"."auth_group" USING "btree" ("name" "varchar_pattern_ops");


--
-- Name: auth_group_permissions_group_id_b120cbf9; Type: INDEX; Schema: public; Owner: -
--

CREATE INDEX "auth_group_permissions_group_id_b120cbf9" ON "public"."auth_group_permissions" USING "btree" ("group_id");


--
-- Name: auth_group_permissions_permission_id_84c5c92e; Type: INDEX; Schema: public; Owner: -
--

CREATE INDEX "auth_group_permissions_permission_id_84c5c92e" ON "public"."auth_group_permissions" USING "btree" ("permission_id");


--
-- Name: auth_permission_content_type_id_2f476e4b; Type: INDEX; Schema: public; Owner: -
--

CREATE INDEX "auth_permission_content_type_id_2f476e4b" ON "public"."auth_permission" USING "btree" ("content_type_id");


--
-- Name: auth_user_groups_group_id_97559544; Type: INDEX; Schema: public; Owner: -
--

CREATE INDEX "auth_user_groups_group_id_97559544" ON "public"."auth_user_groups" USING "btree" ("group_id");


--
-- Name: auth_user_groups_user_id_6a12ed8b; Type: INDEX; Schema: public; Owner: -
--

CREATE INDEX "auth_user_groups_user_id_6a12ed8b" ON "public"."auth_user_groups" USING "btree" ("user_id");


--
-- Name: auth_user_user_permissions_permission_id_1fbb5f2c; Type: INDEX; Schema: public; Owner: -
--

CREATE INDEX "auth_user_user_permissions_permission_id_1fbb5f2c" ON "public"."auth_user_user_permissions" USING "btree" ("permission_id");


--
-- Name: auth_user_user_permissions_user_id_a95ead1b; Type: INDEX; Schema: public; Owner: -
--

CREATE INDEX "auth_user_user_permissions_user_id_a95ead1b" ON "public"."auth_user_user_permissions" USING "btree" ("user_id");


--
-- Name: auth_user_username_6821ab7c_like; Type: INDEX; Schema: public; Owner: -
--

CREATE INDEX "auth_user_username_6821ab7c_like" ON "public"."auth_user" USING "btree" ("username" "varchar_pattern_ops");


--
-- Name: django_admin_log_content_type_id_c4bce8eb; Type: INDEX; Schema: public; Owner: -
--

CREATE INDEX "django_admin_log_content_type_id_c4bce8eb" ON "public"."django_admin_log" USING "btree" ("content_type_id");


--
-- Name: django_admin_log_user_id_c564eba6; Type: INDEX; Schema: public; Owner: -
--

CREATE INDEX "django_admin_log_user_id_c564eba6" ON "public"."django_admin_log" USING "btree" ("user_id");


--
-- Name: django_session_expire_date_a5c62663; Type: INDEX; Schema: public; Owner: -
--

CREATE INDEX "django_session_expire_date_a5c62663" ON "public"."django_session" USING "btree" ("expire_date");


--
-- Name: django_session_session_key_c0390e0f_like; Type: INDEX; Schema: public; Owner: -
--

CREATE INDEX "django_session_session_key_c0390e0f_like" ON "public"."django_session" USING "btree" ("session_key" "varchar_pattern_ops");


--
-- Name: polls_choice_question_id_c5b4b260; Type: INDEX; Schema: public; Owner: -
--

CREATE INDEX "polls_choice_question_id_c5b4b260" ON "public"."polls_choice" USING "btree" ("question_id");


--
-- Name: polls_choice_votes_choice_id_b12d0ab9; Type: INDEX; Schema: public; Owner: -
--

CREATE INDEX "polls_choice_votes_choice_id_b12d0ab9" ON "public"."polls_choice_votes" USING "btree" ("choice_id");


--
-- Name: polls_choice_votes_guest_id_0cb4008a; Type: INDEX; Schema: public; Owner: -
--

CREATE INDEX "polls_choice_votes_guest_id_0cb4008a" ON "public"."polls_choice_votes" USING "btree" ("guest_id");


--
-- Name: auth_group_permissions auth_group_permissio_permission_id_84c5c92e_fk_auth_perm; Type: FK CONSTRAINT; Schema: public; Owner: -
--

ALTER TABLE ONLY "public"."auth_group_permissions"
    ADD CONSTRAINT "auth_group_permissio_permission_id_84c5c92e_fk_auth_perm" FOREIGN KEY ("permission_id") REFERENCES "public"."auth_permission"("id") DEFERRABLE INITIALLY DEFERRED;


--
-- Name: auth_group_permissions auth_group_permissions_group_id_b120cbf9_fk_auth_group_id; Type: FK CONSTRAINT; Schema: public; Owner: -
--

ALTER TABLE ONLY "public"."auth_group_permissions"
    ADD CONSTRAINT "auth_group_permissions_group_id_b120cbf9_fk_auth_group_id" FOREIGN KEY ("group_id") REFERENCES "public"."auth_group"("id") DEFERRABLE INITIALLY DEFERRED;


--
-- Name: auth_permission auth_permission_content_type_id_2f476e4b_fk_django_co; Type: FK CONSTRAINT; Schema: public; Owner: -
--

ALTER TABLE ONLY "public"."auth_permission"
    ADD CONSTRAINT "auth_permission_content_type_id_2f476e4b_fk_django_co" FOREIGN KEY ("content_type_id") REFERENCES "public"."django_content_type"("id") DEFERRABLE INITIALLY DEFERRED;


--
-- Name: auth_user_groups auth_user_groups_group_id_97559544_fk_auth_group_id; Type: FK CONSTRAINT; Schema: public; Owner: -
--

ALTER TABLE ONLY "public"."auth_user_groups"
    ADD CONSTRAINT "auth_user_groups_group_id_97559544_fk_auth_group_id" FOREIGN KEY ("group_id") REFERENCES "public"."auth_group"("id") DEFERRABLE INITIALLY DEFERRED;


--
-- Name: auth_user_groups auth_user_groups_user_id_6a12ed8b_fk_auth_user_id; Type: FK CONSTRAINT; Schema: public; Owner: -
--

ALTER TABLE ONLY "public"."auth_user_groups"
    ADD CONSTRAINT "auth_user_groups_user_id_6a12ed8b_fk_auth_user_id" FOREIGN KEY ("user_id") REFERENCES "public"."auth_user"("id") DEFERRABLE INITIALLY DEFERRED;


--
-- Name: auth_user_user_permissions auth_user_user_permi_permission_id_1fbb5f2c_fk_auth_perm; Type: FK CONSTRAINT; Schema: public; Owner: -
--

ALTER TABLE ONLY "public"."auth_user_user_permissions"
    ADD CONSTRAINT "auth_user_user_permi_permission_id_1fbb5f2c_fk_auth_perm" FOREIGN KEY ("permission_id") REFERENCES "public"."auth_permission"("id") DEFERRABLE INITIALLY DEFERRED;


--
-- Name: auth_user_user_permissions auth_user_user_permissions_user_id_a95ead1b_fk_auth_user_id; Type: FK CONSTRAINT; Schema: public; Owner: -
--

ALTER TABLE ONLY "public"."auth_user_user_permissions"
    ADD CONSTRAINT "auth_user_user_permissions_user_id_a95ead1b_fk_auth_user_id" FOREIGN KEY ("user_id") REFERENCES "public"."auth_user"("id") DEFERRABLE INITIALLY DEFERRED;


--
-- Name: django_admin_log django_admin_log_content_type_id_c4bce8eb_fk_django_co; Type: FK CONSTRAINT; Schema: public; Owner: -
--

ALTER TABLE ONLY "public"."django_admin_log"
    ADD CONSTRAINT "django_admin_log_content_type_id_c4bce8eb_fk_django_co" FOREIGN KEY ("content_type_id") REFERENCES "public"."django_content_type"("id") DEFERRABLE INITIALLY DEFERRED;


--
-- Name: django_admin_log django_admin_log_user_id_c564eba6_fk_auth_user_id; Type: FK CONSTRAINT; Schema: public; Owner: -
--

ALTER TABLE ONLY "public"."django_admin_log"
    ADD CONSTRAINT "django_admin_log_user_id_c564eba6_fk_auth_user_id" FOREIGN KEY ("user_id") REFERENCES "public"."auth_user"("id") DEFERRABLE INITIALLY DEFERRED;


--
-- Name: polls_choice polls_choice_question_id_c5b4b260_fk_polls_question_id; Type: FK CONSTRAINT; Schema: public; Owner: -
--

ALTER TABLE ONLY "public"."polls_choice"
    ADD CONSTRAINT "polls_choice_question_id_c5b4b260_fk_polls_question_id" FOREIGN KEY ("question_id") REFERENCES "public"."polls_question"("id") DEFERRABLE INITIALLY DEFERRED;


--
-- Name: polls_choice_votes polls_choice_votes_choice_id_b12d0ab9_fk_polls_choice_id; Type: FK CONSTRAINT; Schema: public; Owner: -
--

ALTER TABLE ONLY "public"."polls_choice_votes"
    ADD CONSTRAINT "polls_choice_votes_choice_id_b12d0ab9_fk_polls_choice_id" FOREIGN KEY ("choice_id") REFERENCES "public"."polls_choice"("id") DEFERRABLE INITIALLY DEFERRED;


--
-- Name: polls_choice_votes polls_choice_votes_guest_id_0cb4008a_fk_polls_guest_id; Type: FK CONSTRAINT; Schema: public; Owner: -
--

ALTER TABLE ONLY "public"."polls_choice_votes"
    ADD CONSTRAINT "polls_choice_votes_guest_id_0cb4008a_fk_polls_guest_id" FOREIGN KEY ("guest_id") REFERENCES "public"."polls_guest"("id") DEFERRABLE INITIALLY DEFERRED;


--
-- PostgreSQL database dump complete
--

\unrestrict Bw3YaPtclvmQZChGpAME2wczrpecLhmyJlORbdXk5skHAr62iQPWQUl7fdL673m

